date,symbol,fiscalYear,period,reportedCurrency,grossProfitMargin,ebitMargin,ebitdaMargin,operatingProfitMargin,pretaxProfitMargin,continuousOperationsProfitMargin,netProfitMargin,bottomLineProfitMargin,receivablesTurnover,payablesTurnover,inventoryTurnover,fixedAssetTurnover,assetTurnover,currentRatio,quickRatio,solvencyRatio,cashRatio,priceToEarningsRatio,priceToEarningsGrowthRatio,forwardPriceToEarningsGrowthRatio,priceToBookRatio,priceToSalesRatio,priceToFreeCashFlowRatio,priceToOperatingCashFlowRatio,debtToAssetsRatio,debtToEquityRatio,debtToCapitalRatio,longTermDebtToCapitalRatio,financialLeverageRatio,workingCapitalTurnoverRatio,operatingCashFlowRatio,operatingCashFlowSalesRatio,freeCashFlowOperatingCashFlowRatio,debtServiceCoverageRatio,interestCoverageRatio,shortTermOperatingCashFlowCoverageRatio,operatingCashFlowCoverageRatio,capitalExpenditureCoverageRatio,dividendPaidAndCapexCoverageRatio,dividendPayoutRatio,dividendYield,dividendYieldPercentage,revenuePerShare,netIncomePerShare,interestDebtPerShare,cashPerShare,bookValuePerShare,tangibleBookValuePerShare,shareholdersEquityPerShare,operatingCashFlowPerShare,capexPerShare,freeCashFlowPerShare,netIncomePerEBT,ebtPerEbit,priceToFairValue,debtToMarketCap,effectiveTaxRate,enterpriseValueMultiple,dividendPerShare,sector
2000-03-31,ALGN,2000,Q1,USD,-2.220985691573927,-12.794912559618442,-12.297297297297296,-12.794912559618442,0.0,-12.845786963434023,-12.845786963434023,-12.845786963434023,0.0,0.0,0.0,0.0,0.0,0.0,0.0,0.0,0.0,-2.7280901918316833,0.0,0.0,0.0,140.17786168521462,-9.559999457877046,-9.744902188328913,0.0,0.0,0.0,0.0,0.0,0.0,0.0,-14.384737678855325,1.019341290893015,0.0,0.0,0.0,0.0,-51.70285714285714,-51.70285714285714,0,0,0,0.12038277511961723,-1.5464114832535885,,,,,,-1.7316746411483253,0.03349282296650718,-1.7651674641148325,0.0,0.0,0.0,,0.0,,0,Healthcare
2001-03-31,ALGN,2001,Q1,USD,-0.30771231629600726,-3.8920535830407075,-2.9612433346338927,-4.087007413187671,0.0,-4.156327220704903,-4.156327220704903,-5.611783066718689,1.1445370646025603,4.612385321100917,3.8465952563121655,0.2901290468643876,0.044820490699558735,6.0435400115396565,5.927522080688829,-1.039089994972348,2.512316364120545,-1.9041515426497277,0.0,0.0,1.6482025690160682,31.657107556249187,-7.099235861988509,-7.678111791054191,0.010428385727859354,0.012113784254111847,0.011968796831513594,0.0,1.1616164352024267,0.0,-1.4070391904487152,-4.123032904148784,1.0815405968077725,-54.86946902654867,0.0,-70.13716814159292,-17.720514253773057,-12.263829787234043,-12.263829787234043,0,0,0,0.22901650086376363,-0.9518675165306487,0.05328528027640436,3.351253946506225,4.398731161017454,4.398731161017454,4.398731161017454,-0.9442425686543159,0.0769941025793769,-1.0212366712336927,0.0,0.0,1.6482025690160682,0.0018569377371241704,0.0,-8.282994422240765,0,Healthcare
2001-06-30,ALGN,2001,Q2,USD,-0.025736112141214865,-1.7479047689683305,-1.164132611436624,-1.7479047689683305,-1.7775717570273677,-1.6534895794704443,-1.6534895794704443,-1.6534895794704443,1.365367088607595,22.0926517571885,5.922912205567452,0.5229009113825868,0.09096858638743456,6.964890885750963,6.815019255455712,-0.8581543404533826,2.5353658536585364,-3.913845877814659,0.08262563519830946,0.08262563519830946,2.6559909899626355,25.886013498479567,-13.26370449190545,-17.042879046828457,0.01141577157661791,0.012875830422573797,0.012712150922983298,0.009250882113453361,1.1278983935651288,0.13054233694310377,-1.3144415917843388,-1.5188756211525625,1.284926021778407,-31.017204301075267,0.0,-44.04086021505376,-12.103427895981087,-3.50968294772922,-3.50968294772922,0,0,0,0.30286625634574776,-0.5007861988409182,0.03800709825239229,1.952985309313087,2.9518172424637226,2.9518172424637226,2.9518172424637226,-0.4600161732332989,0.13107057819309043,-0.5910867514263893,0.9301956857345517,1.0169728858149107,2.6559909899626355,0.004847844164845955,0.05311469937831185,-19.827479612640165,0,Healthcare
2001-09-30,ALGN,2001,Q3,USD,0.12755576208178437,-1.7833023543990087,-1.2427973977695168,-1.7833023543990087,-1.7427973977695168,-1.7427973977695168,-1.7427973977695168,-1.7427973977695168,1.3783091374893253,3.803173531397704,5.904088050314465,0.5006785838923572,0.0987631657449689,6.214637719765584,6.087573255194459,-0.9629675578438062,4.354954714970698,-1.4359246544905124,0.0,0.0,1.1276824352620927,10.01010300495663,-8.35815118986032,-9.642677558937631,0.01207003373184332,0.013767711314301668,0.013580735666213402,0.00954882864821424,1.140652264954282,0.15080940923637554,-0.892647842301545,-1.038104089219331,1.1536854670247687,-32.82029598308668,0.0,-28.338266384778013,-8.494296577946768,-6.506796116504854,-6.506796116504854,0,0,0,0.2867103364050183,-0.49967802820028867,0.035039413789275005,1.701076940157655,2.5450427445320307,2.5450427445320307,2.5450427445320307,-0.2976351726434995,0.04574220051071389,-0.3433773731542134,1.0,0.9772865456440546,1.1276824352620927,0.012208854978841466,0.023241345598364663,-4.077674954820216,0,Healthcare
2001-12-31,ALGN,2001,Q4,USD,0.1721951219512195,-1.6932520325203253,-1.0413821138211383,-1.6932520325203253,-1.8675609756097562,-1.6844715447154472,-1.6844715447154472,-1.6844715447154472,1.0643821391484942,2.3267824497257767,6.573273079406069,0.38412291933418696,0.10404506927879004,4.57406369141063,4.487216864767885,-0.6750106292517006,2.834155640278089,-2.4810922341811863,0.24810922341811867,0.24810922341811867,2.068600229371642,16.717317073170733,-9.807917958502266,-16.758190709046453,0.012375441980070716,0.014718013722057907,0.014504535765627324,0.0,1.1892919659564194,0.17317845828933473,-0.6879345144651267,-0.9975609756097561,1.708638956805216,-26.29606625258799,0.0,-25.403726708074533,-8.386876281613123,-1.4111558366877517,-1.4111558366877517,0,0,0,0.2691819494900862,-0.45342933426708104,0.0320173326913818,1.3796997417604062,2.1753840766840287,2.1753840766840287,2.1753840766840287,-0.26852540814986653,0.19028756510701625,-0.45881297325688275,0.9019633450872839,1.1029432947616076,2.068600229371642,0.0023489590172305628,0.004701580253362936,-12.2207822624717,0,Healthcare
2002-03-31,ALGN,2002,Q1,USD,0.2704626334519573,-1.0967271454407561,-0.6001983548217723,-1.0967271454407561,0.0,-1.079400268362406,-1.079400268362406,-1.079400268362406,1.1843432598631936,5.006004803843075,8.60041265474553,0.5377737340779318,0.164297558684546,4.258966308416858,4.1711749788672865,-0.5737008326155613,2.18385460693153,-3.4173732569451953,0.30756359312506776,0.30756359312506776,2.909921991854017,14.754854442564612,-14.538569786157739,-17.22488319825649,0.008176058430541843,0.009814299192305037,0.00971891485410234,0.0,1.2003704811652898,0.29121149827559845,-0.8865475184156503,-0.8566011317892772,1.1847715044609413,0.0,0.0,0.0,-17.213364595545134,-5.412089937338739,-5.412089937338739,0,0,0,0.3714031894609118,-0.40089270237476166,0.018482405962905183,1.0616874674987,1.8832119951464725,1.8832119951464725,1.8832119951464725,-0.31814439244236437,0.05878401802738776,-0.3769284104697521,0.0,0.0,2.909921991854017,0.0,0.0,-21.150559875583205,0,Healthcare
2002-06-30,ALGN,2002,Q2,USD,0.3756012749927557,-1.173109243697479,-0.8152419588525065,-1.0751666183714865,0.0,-1.177223993045494,-1.0904665314401623,-1.177223993045494,1.0826327017191617,2.94613070823079,6.716957605985037,0.566350477565891,0.18766449872751398,3.4277540168766616,3.335047971332794,-0.6993637621023513,1.567217662697954,-2.165922619047619,0.0,0.0,2.2067658485738653,9.447464503042596,-12.140005957700328,-13.916339422912754,0.00840710852021839,0.010464187570223769,0.010355822303199185,0.0,1.2446832992649348,0.3595540737653678,-0.6770315570454283,-0.678875688206317,1.1463206419668772,0.0,0.0,0.0,-15.153945666235446,-6.834305717619603,-6.834305717619603,0,0,0,0.37046976983854346,-0.4039848849192717,0.01659653040192374,0.7553675712813466,1.5860314324974236,1.5860314324974236,1.5860314324974236,-0.25150291995877705,0.036800068704912405,-0.2883029886636895,0.0,0.0,2.2067658485738653,0.0,0.0,-9.715859813748489,0,Healthcare
2002-09-30,ALGN,2002,Q3,USD,0.4142034135573144,-0.9577881871533948,-0.5357239002853604,-0.9002853604694987,-0.909384590534647,-0.9587034943197114,-0.909384590534647,-0.9587034943197114,1.155612244897959,5.605358062854199,7.446954140999315,0.6463771142200877,0.2363307842064411,3.0419062220518716,2.9485754439759804,-0.5553442140139895,1.0697585281717132,-1.910427767910006,0.19104277679100043,0.19104277679100043,2.072024851102085,6.949254293867442,-10.059898674980515,-12.3357067762592,0.008194531041239869,0.010338572185387937,0.01023277985222849,0.0,1.2616429339711996,0.5021833470778299,-0.668391465440143,-0.5633446400689173,1.2262257478734588,0.0,0.0,0.0,-16.246894409937887,-4.420363329108576,-4.420363329108576,0,0,0,0.3957259129841906,-0.3598670473430775,0.013721396002897686,0.477500319597733,1.327204159031832,1.327204159031832,1.327204159031832,-0.2229300720160225,0.050432522265308734,-0.27336259428133125,1.0,1.0101070510136954,2.072024851102085,0.0,-0.005920663114268798,-11.353417085427136,0,Healthcare
2002-12-31,ALGN,2002,Q4,USD,0.47244270043699277,-0.6316329260679568,-0.33929367698207435,-0.6316329260679568,-0.6203959689645947,-0.6203959689645947,-0.6203959689645947,-0.6203959689645947,1.3375879756650364,5.993414387031408,7.717547292889758,0.8942499401866177,0.24151374170759024,3.578020544594815,3.494700798956465,-0.3308598668825328,1.9322789282026198,-2.836225831955725,0.08508677495867174,0.08508677495867174,2.2350841121495324,7.038332292874342,-32.49776405188388,-44.600632947160214,0.06483156715774964,0.08524497309544038,0.07854906054279749,0.04506916555109326,1.3148683092608326,0.5649079940048113,-0.19234741018533616,-0.15780790154285204,1.3724215880192145,-3.49015116811727,0.0,-1.6211635364177737,-0.587873754152824,-2.6851289833080423,-2.6851289833080423,0,0,0,0.3921383482837609,-0.2432810505516795,0.10526499851370019,0.6687474864047281,1.2348528563185228,1.2348528563185228,1.2348528563185228,-0.06188252985714036,0.023046390040042667,-0.08492891989718303,1.0,0.9822096717260854,2.2350841121495324,0.03494641844826245,-0.000718752246100769,-16.86287817058746,0,Healthcare
2003-03-31,ALGN,2003,Q1,USD,0.5225389124722054,-0.42340812613705275,-0.34703860925813623,-0.34703860925813623,-0.4314129775621589,-0.4314129775621589,-0.3550434606832424,-0.4314129775621589,1.448354608267947,5.68334937439846,6.70261066969353,1.0398537016017153,0.2758662993654016,3.2040488270457628,3.1155372482041495,-0.12232784205772292,1.7077912292158537,-9.849506092006378,0.2626534957868367,0.2626534957868367,5.2096463095130545,13.98801091570649,-89.2425715759608,-106.55788420080074,0.06110658800173985,0.08249766615472641,0.0762104794625346,0.042073531320765606,1.3500617339717529,0.5417866803929514,-0.16310845431255339,-0.13127147766323025,1.19402525408069,-4.109499298081422,0.0,-1.519419747309312,-0.5926263916773133,-5.153968253968254,-5.153968253968254,0,0,0,0.432513245554215,-0.15356099949290947,0.09580513735158859,0.5944674675199776,1.1613072444001469,1.1613072444001469,1.1613072444001469,-0.056776652852821345,0.011016104495619787,-0.06779275734844113,0.8229781651204199,1.2431267474370922,5.2096463095130545,0.014607212940013749,-0.018554962046668542,-36.98455848089469,0,Healthcare
2003-06-30,ALGN,2003,Q2,USD,0.5459709153122326,-0.28010265183917876,-0.07969204448246364,-0.28010265183917876,-0.265491873396065,-0.265491873396065,-0.265491873396065,-0.265491873396065,1.5735207020944382,7.0881410256410255,7.988561107766405,1.2314596325636271,0.3183724603736587,1.981738737381347,1.9316860027120688,-0.05278787710582554,0.9557028778062377,-23.3393929630107,1.7504544722258029,1.7504544722258029,12.989767591994836,24.785676646706587,782.2477321814255,190.2709219858156,0.053761098099025004,0.08849795567032494,0.08130282212227549,0.04290814224907318,1.6461337063338355,0.7645019946373683,0.11472050625282507,0.13026518391787853,0.2432361439453638,-0.9256756756756757,-19.17096018735363,1.8224030636668263,0.7714285714285715,1.3214161749392572,1.3214161749392572,0,0,0,0.5083581206839569,-0.13496494981648663,0.09327001687279306,0.6106733462053611,0.9699942597714345,0.9699942597714345,0.9699942597714345,0.06622136408704274,0.05011393483970847,0.016107429247334274,1.0,0.9478377718055216,12.989767591994836,0.006335235422539081,0.0,-299.5197080291971,0,Healthcare
2003-09-30,ALGN,2003,Q3,USD,0.6049709148598625,-0.05135436864680651,0.10611669310770315,-0.05135436864680651,-0.06298842470180387,-0.06298842470180387,-0.06298842470180387,-0.06298842470180387,1.6369144945657401,7.661538461538462,8.520912547528518,1.5242488021136538,0.3551173708920188,2.0205844980940277,1.9760271071579838,0.08516272541906099,1.0518142030213187,-84.53002332089551,1.181602476528647,1.181602476528647,12.480064041868232,21.29765203595981,216.52612903225807,167.30428802215556,0.04577986437141367,0.07554185962435657,0.0702360944377751,0.03461858068805052,1.6501110403360477,0.9905853935363707,0.12234928702527177,0.12729890122803925,0.7726748211400877,1.576470588235294,0.0,2.1240196078431373,0.9874658158614403,4.398984771573604,4.398984771573604,0,0,0,0.5873886933112445,-0.036998688479326296,0.07572306205563609,0.6772968868640851,1.002398702284807,1.002398702284807,1.002398702284807,0.07477393525229516,0.0169979982052875,0.05777593704700766,1.0,1.2265446224256293,12.480064041868232,0.005687449764079121,-0.18470149253731344,191.602292358804,0,Healthcare
2003-12-31,ALGN,2003,Q4,USD,0.6458824174017862,0.012876006794148265,0.14327982028382005,0.012876006794148265,-0.5489562215768999,0.012382883129691524,0.012382883129691524,0.012382883129691524,1.7165295085821772,4.1764135702746366,9.26594982078853,1.5787379438605598,0.3571554372712863,2.063140433956711,2.025818016427215,0.132871054912558,1.2023169328731573,539.5975719026549,-4.476482098743998,-4.476482098743998,15.49149533155488,26.72709467974358,235.65034057971016,134.95537557061834,0.0375530811530107,0.06094385162601626,0.05744305085760469,0.02578778831427997,1.6228722052845528,0.962085370514358,0.19340771062418063,0.19804394279765491,0.5726933185779499,2.587229763700352,0.0,3.6344896933132227,1.8835330901511205,2.3402395597280674,2.3402395597280674,0,0,0,0.617725203499687,0.007649219001201537,0.0649506693066626,0.7992926164728977,1.0657460526983804,1.0657460526983804,1.0657460526983804,0.12233673486656174,0.052275304191839705,0.07006143067472204,-0.022557141431280566,-42.63404255319149,15.49149533155488,0.003747466629019797,-0.004192035133246831,178.67904588910136,0,Healthcare
2004-03-31,ALGN,2004,Q1,USD,0.6583854100242316,0.023389873740594314,0.023389873740594314,0.023389873740594314,0.01759979594439485,0.014207371508736131,0.014207371508736131,0.014207371508736131,1.6858015135878912,5.8053749458170785,10.529088050314465,1.7358097936774994,0.3780471341510453,2.355645545497856,2.317770366841353,0.07846673537157907,1.4237732253454025,504.1830834829444,15.96579764362657,15.96579764362657,16.333971819926717,28.652465501849253,-587.8178492935635,-4387.968398437501,0.03222633649618144,0.04859535857616472,0.04634328979116399,0.017851532375539117,1.507939277612982,0.9196035888113528,-0.007622677465459742,-0.006529779364876929,7.46484375,0.39317953861584753,0.0,-0.1283851554663992,-0.07660083782166367,-0.15468277945619335,-0.15468277945619335,0,0,0,0.6634682100489077,0.009426139344401008,0.056556836066406053,0.810546445313161,1.1638320556429913,1.1638320556429913,1.1638320556429913,-0.004332301027229189,0.0280076492190012,-0.03233995024623039,0.8072463768115942,0.752453653217012,16.333971819926717,0.0028878683366343966,0.1927536231884058,1176.4949945474373,0,Healthcare
2004-06-30,ALGN,2004,Q2,USD,0.6776309836213917,0.09820378246312551,0.09820378246312551,0.09820378246312551,0.09424486471812506,0.08533164419509547,0.08533164419509547,0.08533164419509547,1.7175272953335665,4.299939649969825,10.485651214128035,1.9074825235177353,0.3845297331152789,2.37394336432798,2.3380441673710903,0.1531183128367752,1.4819051141166526,75.1688759278897,0.1503377518557794,0.1503377518557794,14.889889587627513,25.657135100895847,194.26995546420008,122.80974553329725,0.024748599464142804,0.03735115335635232,0.036006277368567596,0.012075226977950713,1.5092229122083787,0.9063768710272708,0.24395076077768385,0.20891774500045246,0.632160259880888,2.0621734587251828,0.0,4.824973876698015,3.2460456942003515,2.718575213423609,2.718575213423609,0,0,0,0.7405347450244589,0.06319104737653287,0.04766132815117604,0.9398076794210279,1.2760336393486564,1.2760336393486564,1.2760336393486564,0.15471084902499496,0.056908798498961334,0.09780205052603363,0.9054248679788767,0.9596867081317668,14.889889587627513,0.0025084909553250547,0.09457513202112337,248.99654457498272,0,Healthcare
2004-09-30,ALGN,2004,Q3,USD,0.6739500939562121,0.08414543547611764,0.08414543547611764,0.08414543547611764,0.07940392431062361,0.0724992352401346,0.0724992352401346,0.0724992352401346,1.6544120305100676,3.8271351628622723,6.94046511627907,1.9638688637143837,0.3655898517382413,2.4100140225327595,2.3580339441999905,0.13388370423546303,1.5283351868865143,69.4450210970464,0.0,0.0,11.052045950548,20.13884368308351,149.54962193736816,108.3048554641598,0.018852249488752557,0.02829939803822817,0.027520582130279636,0.005106058075445587,1.5011151881430318,0.8295976725005212,0.2057444030752865,0.18594589870209327,0.7242068155111633,1.8297101449275361,0.0,4.404761904761905,3.6059322033898304,3.625905411163187,3.625905411163187,0,0,0,0.7587327376116978,0.0550075432285018,0.03912531706427494,1.0566156600739403,1.3825494454483662,1.3825494454483662,1.3825494454483662,0.14108324076990666,0.03890979624993783,0.10217344451996883,0.9130434782608695,0.9436509997403272,11.052045950548,0.002560557399494433,0.08695652173913043,223.53137366917684,0,Healthcare
2004-12-31,ALGN,2004,Q4,USD,0.6572901156797618,0.015026915588134234,0.19961058298018555,0.015026915588134234,0.029137555835528576,0.02567861642423548,0.02567861642423548,0.02567861642423548,1.515325072026103,4.451353763760785,5.245792426367461,2.0115657543083585,0.3339785176571394,2.37683545430275,2.313384355254961,0.2041002379205301,1.5497686215181987,146.83195807314897,-2.0975994010449854,-2.0975994010449854,7.679055039130384,15.081766120719276,121.67704675660691,93.08560723879542,0.014336862721096763,0.021857031222664133,0.021389519820118018,0.000291497598059792,1.5245337594326969,0.7263304133702696,0.1573596155557533,0.16202038712633146,0.7650219143220699,4.631151974040022,0.0,3.8253109789075177,3.774279615795091,4.255716004813478,4.255716004813478,0,0,0,0.7127812428566763,0.01830323612970643,0.030597916598635012,1.137364072755772,1.399911830976717,1.399911830976717,1.399911830976717,0.11548509290402638,0.027136466054926037,0.08834862684910035,0.8812893081761006,1.9390243902439024,7.679055039130384,0.002846317823128838,0.11871069182389937,67.77708285517558,0,Healthcare
2005-03-31,ALGN,2005,Q1,USD,0.6974293812921513,0.04161861010653895,0.04161861010653895,0.04161861010653895,0.04044570423223536,0.03641872739712638,0.03641872739712638,0.03641872739712638,1.6048627450980393,5.12856196156395,5.040052100293064,2.3141823116941866,0.37429301022162714,2.415131722185935,2.348269105160026,0.10098988360709235,1.5020248203788373,51.284895330112725,0.7692734299516908,0.7692734299516908,4.213338037175049,7.47092249047014,-229.6725,255.97792364367047,0.00987041874282035,0.014872224549643905,0.014654282765737874,0.0,1.5067470729609949,0.8063333937564527,0.03250598737208796,0.029185807838920927,-1.114534494306765,1.425500370644922,0.0,1.1067457375833951,1.1067457375833951,0.47291732657586316,0.47291732657586316,0,0,0,0.8352382196388336,0.030418313032687848,0.02202592822388401,1.1304901544590666,1.4810110048003136,1.4572380237076707,1.4810110048003136,0.024377102178101427,0.05154622342683604,-0.02716912124873461,0.9004349927501208,0.9718177548144669,4.213338037175049,0.0035297961897250013,0.09956500724987917,147.73886331611084,0,Healthcare
2005-06-30,ALGN,2005,Q2,USD,0.6918798665183538,0.022117167222840194,0.022117167222840194,0.022117167222840194,0.017704857248794958,0.009974045235446793,0.009974045235446793,0.009974045235446793,1.532081688300622,3.905075187969925,5.3184,2.435214446952596,0.37139807897545357,2.243070402460523,2.1844641986422113,0.06127611730534995,1.3693034769888601,210.56555762081783,-3.158483364312268,-3.158483364312268,4.932372700555132,8.40076158694846,120.77214285714285,69.35063973063973,0.005831927565669432,0.009219549363230653,0.00913532577628698,0.0,1.5808751496680091,0.8217550274223034,0.12253853943963092,0.12113459399332592,0.5742271196816652,0.9161747343565525,0.0,7.714285714285714,7.714285714285714,2.348670021567218,2.348670021567218,0,0,0,0.8773014117493982,0.00875024396590983,0.013775941708411945,1.1875284626894802,1.49420987574003,1.464169540042938,1.49420987574003,0.106271550322035,0.04524754407650771,0.06102400624552729,0.5633507853403141,0.8005029337803856,4.932372700555132,0.001869191547952774,0.43664921465968587,319.33787091366304,0,Healthcare
2005-09-30,ALGN,2005,Q3,USD,0.7055990248889238,-0.030255966657492233,0.013859945739786892,-0.030255966657492233,-0.02384697047143475,-0.029803798214917628,-0.029803798214917628,-0.029803798214917628,1.7446750128622879,4.09937038050917,4.166666666666667,2.091013730165255,0.3507661329250969,2.2299743565390826,2.161705765029917,0.014155866335224577,1.4693513154145692,-68.47218997361477,0.19847011586555008,0.19847011586555008,4.497810323349401,8.162925333228483,90.08794966370145,46.21720391807658,0.0028755844263312507,0.004517142392893896,0.004496829573394297,0.0,1.5708606401993175,0.7763727248445071,0.17065248361667776,0.17662092556914244,0.5130231522707035,0.9640287769784173,0.0,21.544364508393286,21.544364508393286,2.0534857142857144,2.0534857142857144,0,0,0,0.8232342849744287,-0.024535508512979868,0.006748883278306467,1.2841328413284132,1.4940603353401956,1.465559655596556,1.4940603353401956,0.1454004013724348,0.07080662911892277,0.074593772253512,1.2497938994229183,0.788174139051332,4.497810323349401,0.0010042981068908434,-0.24979389942291838,479.8274609929078,0,Healthcare
2005-12-31,ALGN,2005,Q4,USD,0.6733836291142209,0.012958330075834572,0.06529982018606834,0.012958330075834572,0.01794230318192479,0.010319756078492691,0.010319756078492691,0.010319756078492691,1.7459136666097936,6.71394134190438,5.703412969283276,1.9360502516365838,0.3600309619308986,2.295630348913759,2.2353522053982884,0.06586949375410914,1.52688857801185,190.08382102272728,-1.4155178161266926,-1.4155178161266926,4.296507095614205,7.846474669689625,-91.03334013605442,-434.94802816901404,0.0,0.0,0.0,0.0,1.5209015603929879,0.8011273780631019,-0.01898864384463463,-0.018040028144789305,4.777898158179848,0.0,0.0,0.0,0.0,-0.26469744766274733,-0.26469744766274733,0,0,0,0.8245741268997083,0.008509403858241067,0.0,1.196135312414382,1.5058743895953197,1.4788795951586649,1.5058743895953197,-0.014875340456735806,0.05619752131380038,-0.07107286177053619,0.5751633986928104,1.3846153846153846,4.296507095614205,0.0,0.42483660130718953,97.94613289434301,0,Healthcare
2006-03-31,ALGN,2006,Q1,USD,0.7076756358877894,-0.10658787928355279,-0.06019465118181075,-0.10658787928355279,-0.09231618549112619,-0.0974073771162182,-0.0974073771162182,-0.0974073771162182,1.5256574227157875,4.943637621023513,4.6208791208791204,1.745342944829063,0.3373244682318537,2.3380217879280876,2.2743054840503305,-0.05111552723771281,1.4782635556745403,-30.084490973971455,0.029871125789758885,0.029871125789758885,5.960781267870697,11.7218054306044,-73.83001416613007,-102.0089074733096,0.0,0.0,0.0,0.0,1.5075121910643916,0.7644801525584013,-0.11573549702423855,-0.11490962623701644,1.3816725978647686,-4.574498567335244,-7.4684813753581665,0.0,0.0,-2.62004662004662,-2.62004662004662,0,0,0,0.7823026968233149,-0.07620205380850315,0.011164784542051888,1.1481973191720785,1.5383889439841325,1.5206180619981446,1.5383889439841325,-0.0898941104961771,0.034310118685818486,-0.12420422918199558,1.0551495016611296,0.8661039708421254,5.960781267870697,0.0,-0.05514950166112957,-170.34886548913045,0,Healthcare
2006-06-30,ALGN,2006,Q2,USD,0.6901223201367881,-0.061836493113620564,-0.014430394017399147,-0.061836493113620564,-0.046034460081546755,-0.04904079216850491,-0.04904079216850491,-0.04904079216850491,1.6230863068008539,3.426553085393725,6.03439443834614,2.0000375798571963,0.37543824996296477,2.5059445178335533,2.4447529274791213,-0.001931530571466631,1.2871056579271434,-44.57076053639847,0.9787584878598163,0.9787584878598163,4.811236519671199,8.74314161703087,-131.55746112524739,-509.10146608315097,0.0,0.0,0.0,0.0,1.4657188647055783,0.8049579151951479,-0.020464366477845195,-0.017173672046748464,3.8698030634573306,-1.103448275862069,-3.9131985731272296,0.0,0.0,-0.34845596645062904,-0.34845596645062904,0,0,0,0.8452339357748626,-0.04145094177810247,0.013356414572944128,1.1078042117968427,1.5359876758885749,1.519724930915097,1.5359876758885749,-0.014515770415779944,0.04165740240764857,-0.05617317282342852,1.0653061224489795,0.7444545730780918,4.811236519671199,0.0,-0.0653061224489796,-531.0322135416667,0,Healthcare
2006-09-30,ALGN,2006,Q3,USD,0.657604927193376,-0.22362034506668843,-0.17730554309254803,-0.22362034506668843,-0.20620385854713055,-0.2104662071215891,-0.2104662071215891,-0.2104662071215891,1.5037875302849082,2.352388958946336,6.299812382739212,1.7937518290898449,0.312535454551249,1.914192017651237,1.8739175771863807,-0.12109768757428499,1.1188284898218253,-17.431138565891473,-0.06104575953455663,-0.06104575953455663,7.957593116871627,14.674662479096137,-1602.577728285078,318.38823008849556,0.09560777864887088,0.1658851632310006,0.14228259219911973,0.0,1.735059276298328,0.7676375505858962,0.03415393450303003,0.046090467838642575,-0.1986725663716814,-0.5935333333333334,0.0,0.15066666666666667,0.15066666666666667,0.8342561830933924,0.8342561830933924,0,0,0,0.7754863197849122,-0.16321366439981022,0.23722916337181718,1.3590384311244663,1.4300806579155465,1.414107227581844,1.4300806579155465,0.03574252728135379,0.04284358690495018,-0.007101059623596394,1.0206705568193057,0.9221158230734154,7.957593116871627,0.02084614792370977,-0.020670556819305706,-75.974626178974,0,Healthcare
2006-12-31,ALGN,2006,Q4,USD,0.6884093421028791,-0.3273540975883749,-0.26922867858890037,-0.3273540975883749,-0.30909025022195646,-0.31289521842329365,-0.31289521842329365,-0.31289521842329365,1.640880035677122,3.4161700437028206,5.56537216828479,2.0514049955396967,0.36415761622613124,1.5946328725491643,1.5490462210288716,-0.2067733301961707,0.8130799758051429,-13.233236000926516,-0.21173177601482424,-0.21173177601482424,10.93995655608215,16.562465075827582,-34.7473680009123,-93.69608548585487,0.0758785415484501,0.13763224663698598,0.1209813162767211,0.0,1.8138493944181149,1.0950703876030516,-0.1439298939262057,-0.17676795129640702,2.6964944649446494,-1.3103478260869565,0.0,-0.8483478260869565,-0.8483478260869565,-0.5894507884719956,-0.5894507884719956,0,0,0,0.8434734766860759,-0.2639188177219446,0.17575229624195743,0.9787721791756453,1.276970336068956,1.0583956107774364,1.276970336068956,-0.14909907844665535,0.25294576131309887,-0.40204483975975425,1.0123102174805088,0.9442076714451763,10.93995655608215,0.012580694076016995,-0.012310217480508822,-58.58308163402651,0,Healthcare
2007-03-31,ALGN,2007,Q1,USD,0.7250827308229169,0.10978497827825787,0.10978497827825787,0.10978497827825787,0.11692100186634463,0.10943993977509762,0.10943993977509762,0.10943993977509762,1.6690050519592703,2.592663807129123,4.7057718120805365,2.4328830891330893,0.40602016059704915,1.9931509218582448,1.9287246186308762,0.17872215810235828,0.9721712961361514,37.17997205503009,-0.261264668494806,-0.261264668494806,10.483769547823979,16.275895610169226,-1012.4559804878048,1408.0968521031207,0.05094275944192207,0.08081787691437346,0.07477474109245896,0.0,1.5864448215945368,1.3048665684348395,0.012746895430488776,0.011558789855868007,-1.3907734056987788,0.815375,0.0,0.092125,0.092125,0.41827468785471056,0.41827468785471056,0,0,0,0.9744471444072563,0.106643436797946,0.1222624669509269,1.0024452493390186,1.512814634817294,1.307153882597466,1.512814634817294,0.011263429767854142,0.026928308345941652,-0.01566487857808751,0.9360160965794768,1.065,10.483769547823979,0.007708856680386312,0.06398390342052314,141.36548285714287,0,Healthcare
2007-06-30,ALGN,2007,Q2,USD,0.7356892027727373,0.175554482200436,0.175554482200436,0.175554482200436,0.1844314191350208,0.1777737164340822,0.1777737164340822,0.1777737164340822,1.6216736879988145,3.5347416201117317,5.9760920897284535,2.8717150890346765,0.4200762249458474,2.5712348614310128,2.508302994278921,0.3187968533086534,1.218404041905045,29.581718313996184,0.36155433494884215,0.36155433494884215,12.556497779163095,21.035408012741016,142.52391296656643,124.23865535851965,0.0,0.0,0.0,0.0,1.4209849606483285,1.078831921470872,0.24091685860762316,0.16931451770818376,0.871703932151118,0.0,0.0,0.0,0.0,7.794471153846154,7.794471153846154,0,0,0,1.1485396425572747,0.2041801607292791,0.0,1.1866528727359962,1.9241033945064172,1.736520930790452,1.9241033945064172,0.19446443564831475,0.02494902243013074,0.169515413218184,0.9639014722536806,1.0505651397977394,12.556497779163095,0.0,0.036098527746319366,114.9450743604997,0,Healthcare
2007-09-30,ALGN,2007,Q3,USD,0.746231683251459,0.1174931071643504,0.1174931071643504,0.1174931071643504,0.13300023792529145,0.13239842689395528,0.13239842689395528,0.13239842689395528,1.5532150776053215,2.8581336696090793,5.11914172783738,2.7466364265395558,0.3453507593260317,2.9851943134733534,2.921935276468067,0.22773951269866696,1.5710994427775395,48.60645348837209,-1.6202151162790701,-1.6202151162790701,12.20426522988315,25.741671915018685,95.81018909204563,83.31528356586338,0.0,0.0,0.0,0.0,1.3728227620482127,0.7300453653751839,0.3942706100871553,0.3089669843669088,0.869586881681464,0.0,0.0,0.0,0.0,7.667940257033692,7.667940257033692,0,0,0,1.051213770781227,0.13917904958069738,0.0,1.618228630278064,2.217257613653082,2.0436221862586437,2.217257613653082,0.3247903486832426,0.04235692217154627,0.28243342651169634,0.995475113122172,1.1319833234067898,12.20426522988315,0.0,0.004524886877828055,208.61217391304348,0,Healthcare
2007-12-31,ALGN,2007,Q4,USD,0.7362411572458871,0.06911482824716964,0.11113256201994015,0.06911482824716964,0.08086379745439,0.07816098294193086,0.07816098294193086,0.07816098294193086,1.6168784838350057,2.0740620255909783,6.572852233676976,2.8640205371248024,0.325537234973806,3.002277941391822,2.954929302461804,0.1414611975911828,1.4500561349842984,50.80293048694425,-1.2262776324434816,-1.2262776324434816,7.147225883316579,15.883227932760594,72.57744423440454,67.77710015299517,0.0,0.0,0.0,0.0,1.3822865085570324,0.619239751849812,0.27650954294733077,0.23434505012617732,0.9338590090620219,0.0,0.0,0.0,0.0,15.119217081850534,15.119217081850534,0,0,0,1.0501643665010933,0.08208187913631558,0.0,1.852055667385921,2.333772609444919,2.1731278872749917,2.333772609444919,0.24610082110842396,0.01627735217876124,0.2298234689296627,0.9665757162346521,1.1699920191540303,7.147225883316579,0.0,0.03342428376534789,131.86313934731356,0,Healthcare
2008-03-31,ALGN,2008,Q1,USD,0.7377768267893442,0.061864769444741625,0.061864769444741625,0.061864769444741625,0.07478335294746978,0.07093184979137691,0.07093184979137691,0.07093184979137691,1.5750605581885202,1.9413861386138613,6.514285714285714,2.693465888624739,0.32363557671499676,3.5425701471514883,3.4867860187553283,0.15459097880518136,2.106823825938693,36.16038980015083,-14.825759818061828,-14.825759818061828,4.335984977364313,10.259693350807746,-377.92060591133003,242.62455091714105,0.0,0.0,0.0,0.0,1.305861540809233,0.5746474543707973,0.05860113421550094,0.042286295067936235,-0.6419987349778621,0.0,0.0,0.0,0.0,0.6090138674884438,0.6090138674884438,0,0,0,1.082878368789191,0.07681056579728614,0.0,1.9168319986097635,2.5622782500398245,2.4119010035769626,2.5622782500398245,0.0457909142253052,0.07518862323143093,-0.02939770900612573,0.9484978540772532,1.2088197146562905,4.335984977364313,0.0,0.05150214592274678,141.26650021616948,0,Healthcare
2008-06-30,ALGN,2008,Q2,USD,0.746652148882381,0.048459362719331184,0.048459362719331184,0.048459362719331184,0.054003654476734,0.05043678506170058,0.05043678506170058,0.05043678506170058,1.5614093369550348,2.2580033463469045,6.709645343056016,2.7062489415749367,0.3679254405555121,3.0161371222996696,2.963955238078766,0.12405522001725626,1.1128041925385268,44.62870285359802,-1.785148114143921,-1.785148114143921,4.51839723902298,9.003713173637706,119.34550265428003,68.71200477554919,0.0,0.0,0.0,0.0,1.363964099761963,0.629747122269555,0.18108860715706454,0.13103551851017498,0.5757402101241643,0.0,0.0,0.0,0.0,2.3570463755065285,2.3570463755065285,0,0,0,1.1650748749653694,0.058762631049416016,0.0,1.6048468234642248,2.321619690584856,2.180545632172176,2.321619690584856,0.15266619034426446,0.06477012583660198,0.08789606450766248,0.9339513325608343,1.1144111570247934,4.51839723902298,0.0,0.0660486674391657,169.18277117768596,0,Healthcare
2008-09-30,ALGN,2008,Q3,USD,0.7503624971731871,0.10482487063174278,0.1483378340627619,0.07570537293975231,0.07921727215888684,0.06860175861013929,0.06860175861013929,0.06860175861013929,1.5381609101325913,2.5071476285905145,6.224212271973466,2.542376893939394,0.3471873268058378,3.0586514398505518,3.005516196115752,0.14820806808989553,1.4055902153607558,35.368654741128566,1.0610596422338565,1.0610596422338565,4.569785974670224,9.70540765966504,49.86226148168398,42.029184284809034,0.0,0.0,0.0,0.0,1.3561827451864656,0.6442139181331654,0.3059285890522012,0.23092067630665267,0.8429056973327956,0.0,0.0,0.0,0.0,6.365603226989365,6.365603226989365,0,0,0,1.1158727566909614,0.07655083349414402,0.0,1.6960084314278505,2.369914052874553,2.236822182967922,2.369914052874553,0.2576780916472457,0.04047976011994003,0.21719833152730567,0.8659949622166246,1.0463890353189247,4.569785974670224,0.0,0.1340050377833753,58.27536633485786,0,Healthcare
2008-12-31,ALGN,2008,Q4,USD,0.7270421585160203,0.009740303541315345,0.05424620573355818,0.0178752107925801,0.016377740303541315,0.8835885328836425,0.8835885328836425,0.8835885328836425,1.4156258355295825,3.6259856630824374,10.296692111959288,2.747507320508544,0.26535667875464036,2.937116159281516,2.904675427590306,1.1314781006891335,1.4379581324704485,2.203765306278246,0.0019373760934314251,0.0019373760934314251,2.6418561819346573,7.788887015177066,85.12993954585669,65.94531696173615,0.0,0.0,0.0,0.0,1.2782145145053536,0.6331492609343703,0.14453873076669088,0.11811129848229342,0.7746430611079383,0.0,0.0,0.0,0.0,4.437404967055246,4.437404967055246,0,0,0,1.1233954200324325,0.9926193110346604,0.0,1.6696118697240199,3.3120652289226014,3.186790536956489,3.3120652289226014,0.13268569176909203,0.029901641331858207,0.10278405043723383,53.9505766062603,0.9162264150943397,2.6418561819346573,0.0,-52.9505766062603,121.9227182292962,0,Healthcare
2009-03-31,ALGN,2009,Q1,USD,0.75153995323105,0.08831916956596134,0.1331346603547596,0.07534363771174357,0.07745394399133064,0.03758626589859123,0.03758626589859123,0.03758626589859123,1.3574373366882804,2.8735158311345645,8.426015473887814,2.6973846153846153,0.24243890803624207,3.1447355557728027,3.111040505751621,0.09384845236935269,1.5813047870433734,49.62492317905918,-0.5171439362870378,-0.5171439362870378,2.2979687657828975,7.4608622312211255,60.025833428931975,49.34878713571631,0.0,0.0,0.0,0.0,1.2704359702941164,0.563386165179181,0.17276045230879525,0.15118633434095705,0.8221258134490239,0.0,0.0,0.0,0.0,5.621951219512195,5.621951219512195,0,0,0,1.0628798326841762,0.0399496840095176,0.0,1.8896382401527667,3.450873709894973,3.33620781110286,3.450873709894973,0.16069290574845035,0.028583119894518286,0.13210978585393207,0.4852724594992636,1.028009084027252,2.2979687657828975,0.0,0.5147275405007363,45.645730962836026,0,Healthcare
2009-06-30,ALGN,2009,Q2,USD,0.759709628387232,0.08729493160018868,0.1296975732480738,0.08193563603962471,0.08923423659520939,0.05955500812411552,0.05955500812411552,0.05955500812411552,1.4335412127132017,2.8329986096091457,8.686878256750354,3.112651929194877,0.24794505415960025,3.0618097434501728,3.031570955866554,0.11113174131627057,1.7501826359742734,38.6480198019802,0.5153069306930691,0.5153069306930691,2.954945369209935,9.206732533151632,40.49221991701245,37.95899513776337,0.0,0.0,0.0,0.0,1.2944595378882824,0.5538814376124949,0.26514446147455273,0.24254415849887312,0.9374392220421394,0.0,0.0,0.0,0.0,15.984455958549223,15.984455958549223,0,0,0,1.151331372105303,0.06856754921928038,0.0,2.1585124839707324,3.5872067586935206,3.4836237459455384,3.5872067586935206,0.27924869880063363,0.017470015840687938,0.26177868295994566,0.6674008810572687,1.0890772429233968,2.954945369209935,0.0,0.33259911894273125,58.64204889876743,0,Healthcare
2009-09-30,ALGN,2009,Q3,USD,0.74431366612421,-0.7581021584730475,-0.7176954421022089,-0.7593636856778816,-0.7627824244029823,-0.6300319166382823,-0.6300319166382823,-0.6300319166382823,1.4403379667484328,2.703120832221926,10.71247357293869,3.24487289696672,0.2396397649221244,3.2583193876711203,3.232366738909769,-0.6379815057999563,1.864983128034896,-4.949181850947099,0.004385351007168316,0.004385351007168316,3.836883576529029,12.47257010937441,101.37272223931097,91.6045733345687,0.0,0.0,0.0,0.0,1.2837007140639554,0.5137779390938287,0.14804806452497873,0.1361566312177522,0.9036412489576577,-124.98113207547169,-162.2479784366577,0.0,0.0,10.377884615384616,10.377884615384616,0,0,0,1.140101829478771,-0.7183005407893223,0.005335979749165803,2.228454723276953,3.706132781037855,3.6174490852606143,3.706132781037855,0.15523242434702567,0.014958002531354275,0.14027442181567137,0.8259654345489126,1.004502109844835,3.836883576529029,0.0,0.17403456545108742,-14.988788384806032,0,Healthcare
2009-12-31,ALGN,2009,Q4,USD,0.7366537360302946,0.1562067054585758,0.19455989655490902,0.16907961577537636,0.16544287429574212,0.13267756534589453,0.13267756534589453,0.13267756534589453,1.5882061719566534,3.725906566481542,11.148582600195503,3.468663649833807,0.24382389370566376,3.216264785889246,3.191081077754391,0.18021020874896598,2.049247319769088,29.138925339366516,-0.2411497269464815,-0.2411497269464815,4.905793082230915,15.464326683291771,42.99888029276749,39.09799235237456,-0.03237248057651165,-0.04211898797228204,-0.043971002080019576,0.0,1.3010738510672586,0.5025704106854816,0.4216855606021442,0.3955273852406022,0.9092793134650748,0.0,0.0,0.0,-2.9790434782608695,11.022844272844273,11.022844272844273,0,0,0,1.1523295106830216,0.15288827395364926,-0.15299470505281643,2.4807093632759494,3.6324401990261554,3.559721150520182,3.6324401990261554,0.4557778782960381,0.04134848202644813,0.41442939626958997,0.8019539427773901,0.9784909525435302,4.905793082230915,0.0,0.1980460572226099,68.92185615950629,0,Healthcare
2010-03-31,ALGN,2010,Q1,USD,0.7737817737817738,0.22973692973692975,0.22973692973692975,0.22973692973692975,0.2235986235986236,0.16572316572316573,0.16572316572316573,0.16572316572316573,1.5321168007346815,4.515843119875914,8.65025466893039,3.544338657644189,0.24117124255793035,3.732590163934426,3.7016918032786887,0.25124358775066064,2.4971409836065575,24.342103817816476,0.7302631145344939,0.7302631145344939,4.905284320209478,16.13620202020202,102.99046687920652,77.9678433896487,0.0,0.0,0.0,0.0,1.260484012471487,0.4638840830449827,0.24452459016393444,0.20695970695970695,0.7570394207562349,0.0,0.0,0.0,0.0,4.1158940397351,4.1158940397351,0,0,0,1.1985472154963681,0.19862703882074342,0.0,2.732591863342469,3.9426868530984756,3.8792805257696297,3.9426868530984756,0.24805098049650107,0.06026660990341378,0.1877843705930873,0.7411636219221605,0.9732811518577572,4.905284320209478,0.0,0.25883637807783955,61.03799777745567,0,Healthcare
2010-06-30,ALGN,2010,Q2,USD,0.8042626344781693,0.3389958963362786,0.3732947613590151,0.41909127879034347,0.42053310658434695,0.3013327664608673,0.3013327664608673,0.3013327664608673,1.7193071666931512,3.9838224228743417,8.515480498592682,3.9706411244449336,0.26473725935423253,4.4859837142818435,4.452287723386671,0.474892626339662,3.1948324684650506,8.631902048891206,0.07506001781644528,0.07506001781644528,3.37084443020425,10.404299696846463,29.409400161977167,26.427448821485587,0.0,0.0,0.0,0.0,1.2238009540264647,0.4647095457961989,0.5771268307884077,0.3936929276498207,0.8986055028641187,176.23076923076923,290.6666666666667,0.0,0.0,9.862468163926835,9.862468163926835,0,0,0,1.4292168077883307,0.4306698545632274,0.0020606845171261376,3.23367634043565,4.411357541973238,4.357647649366604,4.411357541973238,0.5626725493045189,0.05705190018889608,0.5056206491156229,0.7165494505494505,1.003440366972477,3.37084443020425,0.0,0.2834505494505494,22.03329149025725,0,Healthcare
2010-09-30,ALGN,2010,Q3,USD,0.7809832511699167,0.2284907292567772,0.2284907292567772,0.2284907292567772,0.22762566833772813,0.17525300426277007,0.17525300426277007,0.17525300426277007,1.503612229866324,3.606934431857192,8.821998320738874,3.41424097928973,0.21549743393938034,4.472262481883153,4.442500874606427,0.24560483730033902,3.310060472787246,22.147873624739812,-0.4535040789827676,-0.4535040789827676,4.144846105475206,15.525925563071276,45.58341432068543,41.65383161367894,0.0,0.0,0.0,0.0,1.2388217093950507,0.358549017556185,0.44683642360937575,0.3727370319030298,0.9137935855493108,59.71024734982332,77.46643109540636,0.0,0.0,11.600064871878041,11.600064871878041,0,0,0,1.2611164416871492,0.2210144451308474,0.0037197197723478925,3.579343068571654,4.723938959792853,4.679696639108319,4.723938959792853,0.47006479935857837,0.040522600912185694,0.4295421984463927,0.7699175824175825,0.9962140218035853,4.144846105475206,0.0,0.23008241758241757,55.865619668840935,0,Healthcare
2010-12-31,ALGN,2010,Q4,USD,0.7724586352039443,0.1470293778863854,0.17464179216948533,0.15900013994595932,0.15629810642351954,0.10662805593532344,0.10662805593532344,0.10662805593532344,1.4197310102399512,2.721035015447992,8.308569182389936,3.027408421327076,0.19476750890567637,4.179781444274743,4.152418955837116,0.12571071414169926,3.169316152902962,37.89832811711257,-0.926403576196085,-0.926403576196085,3.974966736995926,16.16410020130688,56.820243699386964,46.16546533435818,0.0,0.0,0.0,0.0,1.2625990411571766,0.32392688952702764,0.34982898444726485,0.35013402516874254,0.8124827056110684,-13.483159117305458,-17.15447154471545,0.0,0.0,5.332841449417938,5.332841449417938,0,0,0,1.2088516995471346,0.12889750663682265,-0.011204518244755608,3.9466841913487065,4.915764405809171,4.881070740721461,4.915764405809171,0.4232601113945136,0.07936859091145698,0.3438915204830566,0.6822095185618844,0.9830060934326337,3.974966736995926,0.0,0.31779048143811556,74.39239104974419,0,Healthcare
2011-03-31,ALGN,2011,Q1,USD,0.7841802090486,0.20229648279545281,0.23738269626916914,0.20049401083390556,0.2013427939269093,0.15107385366598,0.15107385366598,0.15107385366598,1.4188135960164538,3.4319077949651198,7.893268224625044,3.4130590456350496,0.21098550852948397,4.7496533854581,4.717071618519444,0.20574006345057286,3.507148214650999,24.83689666056436,0.40359957073417096,0.40359957073417096,3.9138163415028417,15.00882276646067,109.11496359980586,91.24333951762523,0.0,0.0,0.0,0.0,1.2359508088683304,0.33522596485843625,0.19601336454758278,0.16449225604638743,0.8362128942486086,220.4494382022472,236.2134831460674,0.0,0.0,6.105486725663717,6.105486725663717,0,0,0,1.364530737598251,0.20614491697464993,0.001158190619957316,4.124407891312269,5.232744261100411,5.2071599604393315,5.232744261100411,0.2244547394721774,0.03676279215033054,0.18769194732184685,0.7503315649867374,1.0042334585929695,3.9138163415028417,0.0,0.2496684350132626,50.82789441966976,0,Healthcare
2011-06-30,ALGN,2011,Q2,USD,0.7589310993787786,0.1381926286161584,0.1431224289259364,0.1381926286161584,0.13564445480738804,0.09295005246240194,0.09295005246240194,0.09295005246240194,1.4621453792767563,2.781685404054963,4.615593112244898,3.2349011367921987,0.21951598485693238,2.6182766717526564,2.560972489972682,0.1002328020670777,1.5404793012398241,39.77437735172908,-1.1932313205518725,-1.1932313205518725,4.131970161616819,14.788121846010359,73.99668319513313,59.80086206896552,0.0,0.0,0.0,0.0,1.2728522832505782,0.47364757064620394,0.2713177586317165,0.24728944256616092,0.8081559806034483,0.0,0.0,0.0,0.0,5.212568018255222,5.212568018255222,0,0,0,1.5417779375513558,0.1433083401807724,0.0,2.2514636400986032,5.517948849630239,3.105754416598192,5.517948849630239,0.38126540673788,0.07314348808545604,0.308121918652424,0.6852477131806741,0.9815607110575475,4.131970161616819,0.0,0.31475228681932593,93.51483097690115,0,Healthcare
2011-09-30,ALGN,2011,Q3,USD,0.7337124882837943,0.20900122325130666,0.20900122325130666,0.20900122325130666,0.20806392679555816,0.15301761799609195,0.15301761799609195,0.15301761799609195,1.4529360169882743,2.3711981892771257,4.0497704759603765,2.7139346382685177,0.21486551064991807,2.7218750780034444,2.6529990764392157,0.1560088031989089,1.6826195844808507,15.445420862749168,0.19657808370771673,0.19657808370771673,2.605000809847749,9.453686037460086,41.00049435028249,28.654444444444444,0.0,0.0,0.0,0.0,1.282448629387405,0.6555801171143727,0.3455864610981221,0.3299204092331644,0.698880462260744,0.0,0.0,0.0,0.0,3.32094027344687,3.32094027344687,0,0,0,1.6046650946402397,0.24554203046332293,0.0,2.6819705563698935,5.8234146963227325,3.452348480020394,5.8234146963227325,0.5294117647058824,0.15941622586195908,0.3699955388439233,0.7354355959380011,0.9955153542110063,2.605000809847749,0.0,0.26456440406199894,37.54687404986318,0,Healthcare
2011-12-31,ALGN,2011,Q4,USD,0.7412435514526201,0.2021798999263023,0.2360808347232458,0.2050347154881502,0.20438307280555448,0.15863620495713898,0.15863620495713898,0.15863620495713898,1.4082283666714006,1.4948684623313764,3.547649436290151,2.388677846752525,0.19854019320338107,2.5980542409041503,2.534577394897277,0.13523217001192556,1.624897884780275,22.837734424666248,5.709433606166557,5.709433606166557,3.8062502929004998,14.49156607579225,57.27534340027594,44.48762383900929,0.0,0.0,0.0,0.0,1.3229199989404643,0.5811164757486825,0.28349210421491117,0.3257437647880222,0.7767325553703263,481.078431372549,518.2352941176471,0.0,0.0,4.478933333333333,4.478933333333333,0,0,0,1.6371591500819183,0.2597127144798506,0.0006477259738115499,3.150615339675121,6.233168650062868,3.8784307250720755,6.233168650062868,0.5332943851048427,0.11906727459771137,0.41422711050713135,0.7761709557428073,0.9968217934165721,3.8062502929004998,0.0,0.22382904425719274,53.47529984884332,0,Healthcare
2012-03-31,ALGN,2012,Q1,USD,0.7459338609258286,0.2073305251001266,0.2073305251001266,0.2073305251001266,0.20131922800731425,0.15534613078272713,0.15534613078272713,0.15534613078272713,1.4303003991910292,1.8757651945780498,2.554637486973351,2.1471102492370293,0.20147933583518784,2.838118797302471,2.7392143004387903,0.14835090289931757,1.6518022793532998,26.007008315859707,0.0,0.0,4.173675772720841,16.160352460412057,761.928184991274,141.52776517116183,0.0,0.0,0.0,0.0,1.2818504766529897,0.5554612052215714,0.11355537886150131,0.11418503246248492,0.18574948132780084,21.796,28.006,0.0,0.0,1.228123258221196,1.228123258221196,0,0,0,1.704789550072569,0.26483246040259983,0.012620685303211964,3.033747712500789,6.600896068656528,4.269817631097369,6.600896068656528,0.19466145011674135,0.15850318672303906,0.036158263393702275,0.7716408031183349,0.971006212954367,4.173675772720841,0.0,0.22835919688166506,69.93370170677711,0,Healthcare
2012-06-30,ALGN,2012,Q2,USD,0.7471193330861248,0.2472910057269993,0.2472910057269993,0.2472910057269993,0.25100600167552495,0.1956518753519289,0.1956518753519289,0.1956518753519289,1.425623354119962,2.0034818562646213,2.518361485331327,2.0167850762391457,0.1956909978055883,3.0252162184710363,2.923551822909425,0.18598449337421136,1.8270738897077228,23.600033693668397,0.6817787511504205,0.6817787511504205,4.587534671112666,18.469563402139727,190.59301587301587,98.41018038125206,0.0,0.0,0.0,0.0,1.2692637665339122,0.5383914360765074,0.19001501710281155,0.1876793979097139,0.5163367604551609,51.66543438077634,66.5656192236599,0.0,0.0,2.067554277933278,2.067554277933278,0,0,0,1.8116291799363058,0.3544486464968153,0.006730195063694267,3.5274557125796178,7.293677846337579,5.0080488654458595,7.293677846337579,0.34000547372611467,0.1644481488853503,0.17555732484076433,0.779470905260854,1.0150227701877153,4.587534671112666,0.0,0.2205290947391459,67.39002665778074,0,Healthcare
2012-09-30,ALGN,2012,Q3,USD,0.7351863790880319,0.21369124369944906,0.24587533700621264,0.21369124369944906,0.2111050873285664,-0.002520220372758176,0.1781810455984058,-0.002520220372758176,1.2888897282393157,2.50752688172043,2.387923630838343,1.8139485434828833,0.1721632281362059,3.192381730921365,3.092591371763093,0.15172982969776927,2.0100930858077106,31.810020147197893,-2.2267014103038534,-2.2267014103038534,4.936914314886014,22.671770601336302,89.54817987152035,76.85597913820936,0.0,0.0,0.0,0.0,1.2648229982610915,0.43758745994675063,0.2654461789989979,0.29499032938694175,0.8582640009934186,82.34277620396601,82.62889518413597,0.0,0.0,7.0553705975118275,7.0553705975118275,0,0,0,1.6760931763203457,0.2986480346771124,0.004334639046133821,4.028254970099586,7.697115561722558,5.75722337512433,7.697115561722558,0.49443127816594423,0.07007871115095105,0.4243525670149932,0.8440395627277459,0.9878976961053209,4.936914314886014,0.0,0.15596043727225403,83.12323828253032,0,Healthcare
2012-12-31,ALGN,2012,Q4,USD,0.7454354522542705,0.2030033604032484,0.2398767852142257,0.11951134136096332,0.11480677681321759,0.06692103052366284,0.06692103052366284,0.06692103052366284,1.4429448844351058,1.8600439920200522,2.4045761142705993,1.8037403240267202,0.1888638551285713,3.1186356895699454,3.0215572860160105,0.059395982742364066,1.9669001290355714,58.8174299089863,-0.980290498483105,-0.980290498483105,3.8687037365155326,15.744492089050686,51.217108859029835,44.307168328145316,,,0.0,0.0,1.301031967067882,0.4311630293700383,0.3258501261467154,0.3553486418370204,0.8650853067496749,0.0,0.0,0.0,0.0,7.412091121495327,7.412091121495327,0,0,0,1.762521130757746,0.11794973039003985,,4.132016337006281,7.172945226608097,5.383611169379218,7.172945226608097,0.6263094900238145,0.08449835272633047,0.5418111372974841,0.5829013964266114,0.9606349950207955,3.8687037365155326,,0.4170986035733886,,0,Healthcare
2013-03-31,ALGN,2013,Q1,USD,0.7347896861570516,0.1884229717411121,0.220614663367626,-0.2479163953639797,-0.2543495246776924,-0.2733624169813778,-0.2733624169813778,-0.2733624169813778,1.4132435217903416,2.0625379785294715,2.6376764667789145,2.1133311316600616,0.21147133543088076,3.6657120016683464,3.558367800910639,-0.2243061401224512,2.2852525112092037,-15.495936735107067,0.02905488137832575,0.02905488137832575,4.637640652768223,16.94402687719755,541.0111533887733,249.78533766557882,0.0,0.0,0.0,0.0,1.2942821296055376,0.4304987540259398,0.072420145285183,0.06783435343143639,0.4617009022845076,0.0,0.0,0.0,0.0,1.8577032810271041,1.8577032810271041,0,0,0,1.914538983861987,-0.5233630040335838,0.0,4.571557078798463,6.994936095498571,5.948135291013229,6.994936095498571,0.1298715140895571,0.06990971885335345,0.05996179523620366,1.0747510431866472,1.0259487852921865,4.637640652768223,0.0,-0.07475104318664721,67.10107572752493,0,Healthcare
2013-06-30,ALGN,2013,Q2,USD,0.7550052494079156,0.23134629001147544,0.25481602656444563,0.23134629001147544,0.22930146250946115,0.17896818614644627,0.17896818614644627,0.17896818614644627,1.4579725364208354,1.571719465873047,2.555845644421803,2.1295169760307804,0.23274527130505446,2.7518331320726532,2.654082687016819,0.18054285340998172,1.0239209730227694,25.963225102319235,-0.1534190574227955,-0.1534190574227955,5.8534770222107735,18.58636521229582,61.48095059260606,57.12026412545959,0.0,0.0,0.0,0.0,1.3531270785354808,0.4927787762345563,0.33181869110012824,0.32539004321605586,0.9290725594657462,0.0,0.0,0.0,0.0,14.098915630785507,14.098915630785507,0,0,0,2.033210881652105,0.363880063542494,0.0,3.455495432883241,6.455991858617951,5.380138006354249,6.455991858617951,0.6615865766481335,0.04692464257347101,0.6146619340746624,0.780492998988447,0.9911611830822405,5.8534770222107735,0.0,0.219507001011553,68.99990514061227,0,Healthcare
2013-09-30,ALGN,2013,Q3,USD,0.7603977970408374,0.25205159690224066,0.27550362904696485,0.25205159690224066,0.25478098063292526,0.20994371025980815,0.20994371025980815,0.20994371025980815,1.5067549620348235,1.7083911234396671,2.6883099167917064,2.148944508308078,0.2166816384485897,2.9537876375039813,2.8639843692579072,0.20921197458615315,1.0769961045642746,27.84269551495498,1.4319100550548276,1.4319100550548276,6.681465352519785,23.38159520017507,77.93359740654442,69.7597428270884,0.0,0.0,0.0,0.0,1.3187894747813036,0.5479606282164449,0.3377146777078178,0.33517318517257727,0.8951177046682869,84.51224944320712,92.34743875278396,0.0,0.0,9.534497665571502,9.534497665571502,0,0,0,2.0571735841034426,0.4318906548951442,0.005614816111646054,4.046406642740131,7.199019595583178,6.122237923143296,7.199019595583178,0.6895094226368377,0.07231733089899584,0.6171920917378418,0.8240164149547873,1.0108286706540615,6.681465352519785,0.0,0.1759835850452127,80.98878469617404,0,Healthcare
2013-12-31,ALGN,2013,Q4,USD,0.7654633971238194,0.29682767594732234,0.3202611446391313,0.29682767594732234,0.295711529401207,0.23792991272743588,0.23792991272743588,0.23792991272743588,1.5743222958057395,1.920720224151394,2.993699885452463,2.353907291762935,0.2142554140073809,3.1064344295018764,3.0267711505777415,0.235138285472078,1.3856266183029349,27.31664034322623,1.305128371954141,1.305128371954141,7.311381926589586,25.99778341148229,73.72434151927726,69.06658719752056,0.0,0.0,0.0,0.0,1.3125968105746328,0.5180429707305664,0.3827578733645873,0.37641621609494536,0.9368220288473,0.0,0.0,0.0,0.0,15.828301886792453,15.828301886792453,0,0,0,2.197879684418146,0.5229413214990138,0.0,4.561057692307692,7.815212031558185,6.762919132149902,7.815212031558185,0.8273175542406311,0.05226824457593689,0.7750493096646943,0.8046014073554236,0.9962397490646612,7.311381926589586,0.0,0.19539859264457637,76.92195796847636,0,Healthcare
2014-03-31,ALGN,2014,Q1,USD,0.7597787938841712,0.23141392557820267,0.2578523742568338,0.23141392557820267,0.23474087441736877,0.17959988042912658,0.17959988042912658,0.17959988042912658,1.431619156304732,2.344915162649951,2.7395833333333335,2.283969504254485,0.20397203833155872,3.2201223259489042,3.127412133095315,0.19704798610816993,1.0697140850428726,32.37274072247565,-1.4028187646406116,-1.4028187646406116,6.029690291968603,23.256561451678973,323.2441948141879,233.49106874895793,0.0,0.0,0.0,0.0,1.2710975051417073,0.4825868187968589,0.10531152146557023,0.09960364469736391,0.7223364641805147,60.930116472545755,69.55740432612313,0.0,0.0,3.6014811849479584,3.6014811849479584,0,0,0,2.2268984220907297,0.3999506903353057,0.007408777120315582,4.492603550295858,8.589164201183433,7.548878205128205,8.589164201183433,0.22180719921104536,0.06158777120315582,0.16021942800788955,0.7650984553708289,1.0143766146780213,6.029690291968603,0.0,0.2349015446291711,86.26961786174324,0,Healthcare
2014-06-30,ALGN,2014,Q2,USD,0.7555977998348318,0.2531124857815105,0.275727025777667,0.2531124857815105,0.2526294466865076,0.1849052879795981,0.1849052879795981,0.1849052879795981,1.4693882223646855,2.2472419886336503,3.5878764773160503,2.367805489964581,0.21744276529110615,2.963514026283583,2.893422691101099,0.19058658538330542,0.8950260003313506,31.887310955056176,3.1887310955056223,3.1887310955056223,6.719118017863379,23.584529660158623,70.11013618256493,65.11907471676466,0.0,0.0,0.0,0.0,1.310207518245151,0.5156725832241891,0.3726625087513962,0.36217544187689255,0.9288111286390363,0.0,0.0,0.0,0.0,14.047139403706689,14.047139403706689,0,0,0,2.376133881298826,0.43935971959963965,0.0,4.511212311945401,8.340380367038147,7.30621891468276,8.340380367038147,0.8605773384180582,0.06126352944080368,0.7993138089772545,0.7319229424947059,0.9980916030534351,6.719118017863379,0.0,0.2680770575052941,82.38108126436349,0,Healthcare
2014-09-30,ALGN,2014,Q3,USD,0.7639406770734585,0.2714771745770924,0.29432893045987907,0.2714771745770924,0.2609492510901852,0.20143146053213676,0.20143146053213676,0.20143146053213676,1.4600567487139264,1.4914318038132632,2.8043546267909654,2.196444063992967,0.2002300986302699,3.100684931506849,3.0201903706688156,0.1885729720634274,0.9099315068493151,27.236820665673125,3.994733697632062,3.994733697632062,5.767696191878813,21.94541026775369,68.79035097566613,61.66708676799219,0.0,0.0,0.0,0.0,1.3125906629607893,0.48406204629380595,0.34030519742143434,0.3558690935136615,0.8964496603572538,0.0,0.0,0.0,0.0,9.657138773760183,9.657138773760183,0,0,0,2.3549343288394993,0.4743578613154076,0.0,5.277207952473676,8.960250034106835,7.931761525009612,8.960250034106835,0.8380483448883156,0.08678019075022635,0.7512681541380892,0.7719181399854687,0.9612198576056803,5.767696191878813,0.0,0.22808186001453137,71.32789464266543,0,Healthcare
2014-12-31,ALGN,2014,Q4,USD,0.7586203423967774,0.2592799597180262,0.2813695871097684,0.2592799597180262,0.25063947633434036,0.19909869083585097,0.19909869083585097,0.19909869083585097,1.5306240414332066,1.654004071352172,3.0096685082872927,2.203606102635229,0.20101275611160763,3.256314076041445,3.1773887449147966,0.1867480635644019,0.9903870453047654,28.441761020206872,6.6838138397486055,6.6838138397486055,5.975871400465745,22.650869536757302,69.776061579029,62.823304098875774,0.0,0.0,0.0,0.0,1.312480156647905,0.4552639029137119,0.35481217574859647,0.36054884189325276,0.9003561203826549,0.0,0.0,0.0,0.0,10.03573931324457,10.03573931324457,0,0,0,2.4683379112342934,0.4914428466672467,0.0,5.650803514833642,9.355957692737917,8.336109074186853,9.355957692737917,0.889956375296735,0.08867870592475671,0.8012776693719783,0.7943628583482332,0.9666750820499874,5.975871400465745,0.0,0.20563714165176689,76.92540604867574,0,Healthcare
2015-03-31,ALGN,2015,Q1,USD,0.7627495128378583,0.24698363337136395,0.2687317629716386,0.24698363337136395,0.23965348384035218,0.18263279585634523,0.18263279585634523,0.18263279585634523,1.433753863302427,1.6447119759221671,3.2250892121877572,1.9855458882963795,0.1926147772521526,3.2771382275956626,3.2044870995886825,0.1723712165401433,0.947166895176368,29.904962510711226,-3.663357907562126,-3.663357907562126,5.453436544621907,21.84650765324152,216.01793615534368,121.40517085145181,0.0,0.0,0.0,0.0,1.2959810165663979,0.43435816359422247,0.17771407204287673,0.17994709368658057,0.5620143077570486,0.0,0.0,0.0,0.0,2.283179605431719,2.283179605431719,0,0,0,2.461949564374402,0.4496327321990082,0.0,5.528293913670317,9.86258839906039,8.852459016393443,9.86258839906039,0.4430206689121167,0.1940367143514088,0.24898395456070793,0.7620702730030333,0.9703213146921756,5.453436544621907,0.0,0.23792972699696663,77.72597901638112,0,Healthcare
2015-06-30,ALGN,2015,Q2,USD,0.7572462384480256,0.20204021232719774,0.22270965401359505,0.20204021232719774,0.20287080882914535,0.14965057664400824,0.14965057664400824,0.14965057664400824,1.4302841615118866,1.7231050723410022,3.0980201035638135,1.9391829971581704,0.2036669936543646,2.9512436918246046,2.877609061343501,0.13787773398253342,0.7255938095772121,40.13490007974482,-3.010117505980862,-3.010117505980862,6.53794483249567,24.02484376193386,96.08469778541428,79.96371893867176,0.0,0.0,0.0,0.0,1.3361648010329943,0.46985257671147157,0.28233710889312547,0.30044680363553045,0.8322211630123928,204.05747126436782,243.2471264367816,0.0,0.0,5.9602272727272725,5.9602272727272725,0,0,0,2.6102146853233985,0.39062013282330516,0.002168035186961885,5.46422118942896,9.591699166427851,8.58754999563901,9.591699166427851,0.784230659007937,0.13157730789837646,0.6526533511095606,0.737664415633309,1.004111045481394,6.53794483249567,0.0,0.26233558436669097,104.40817640124317,0,Healthcare
2015-09-30,ALGN,2015,Q3,USD,0.7589050068388912,0.18323412125065017,0.20492111194590534,0.18323412125065017,0.1756824442774856,0.13300198424165366,0.13300198424165366,0.13300198424165366,1.3992115637319316,1.215609140137442,2.6432229790379638,1.7197236992496148,0.19233355749831876,2.9108424569855753,2.833385819042906,0.11417937242048609,0.7117880177169943,41.00794901506373,-3.9982750289687106,-3.9982750289687106,5.674727225123675,21.816554354736173,91.39131824234354,75.42671262300814,0.0,0.0,0.0,0.0,1.3523956510355661,0.4602866538905324,0.24562085141363782,0.28924174998555163,0.8253159498476448,0.0,0.0,0.0,0.0,5.72462110380326,5.72462110380326,0,0,0,2.601694065757819,0.34603047313552526,0.0,6.074015136327185,10.002242882919006,9.003408179631114,10.002242882919006,0.7525185445068163,0.1314529871692061,0.6210655573376103,0.757059049289983,0.9587867318509173,5.674727225123675,0.0,0.242940950710017,102.37284260499659,0,Healthcare
2015-12-31,ALGN,2015,Q4,USD,0.7504472893397488,0.2576864284597613,0.2788045649568344,0.2576864284597613,0.2590456669388039,0.21225399086313815,0.21225399086313815,0.21225399086313815,1.4523872595395775,1.672760086161728,2.952273311071153,1.6873374220541792,0.19874800735004094,2.694462440001178,2.622813539856886,0.17296037746172438,0.6173400276804382,26.88826723203142,0.36195744350811526,0.36195744350811526,6.199681752888813,22.82856810957286,84.01987229689773,66.24499212399975,0.0,0.0,0.0,0.0,1.3664317405056574,0.4965199016775195,0.2920985600282694,0.34460820927929964,0.7884443324302186,0.0,0.0,0.0,0.0,4.726888253514415,4.726888253514415,0,0,0,2.8845435983515175,0.6122558905688267,0.0,6.605140860066891,10.621512946098633,9.62989314927785,10.621512946098633,0.9940374040159837,0.2102942465959339,0.7837431574200499,0.8193690069067256,1.005274777128027,6.199681752888813,0.0,0.18063099309327432,79.26789430235819,0,Healthcare
2016-03-31,ALGN,2016,Q1,USD,0.7566479557640751,0.22341655495978552,0.24349028150134047,0.22341655495978552,0.22162784852546916,0.1698475201072386,0.1698475201072386,0.1698475201072386,1.341123595505618,1.3323776977592257,2.568441064638783,1.6126569793756629,0.1976878995660671,2.849874431301183,2.767552320291174,0.14368839729978133,0.5620309372156506,35.77982655502392,-2.1825694198564594,-2.1825694198564594,6.505291739067071,24.30845924095174,554.0833944428531,189.14326564537157,0.0,0.0,0.0,0.0,1.353721287400648,0.49292219316512337,0.11166515013648771,0.12851876675603216,0.34136245110821384,0.0,0.0,0.0,0.0,1.5182857425644578,1.5182857425644578,0,0,0,2.9903170447570493,0.5078979343863913,0.0,6.865478322957247,11.173980032819331,10.189324948954667,11.173980032819331,0.38431185880171864,0.2531222206912102,0.13118963811050846,0.7663636191808267,0.991993850076874,6.505291739067071,0.0,0.23363638081917326,97.17677786188625,0,Healthcare
2016-06-30,ALGN,2016,Q2,USD,0.7618595050526801,0.2418158463331873,0.2607234873515938,0.2418158463331873,0.24227990585160492,0.1861732538368441,0.1861732538368441,0.1861732538368441,1.398121042250597,1.6339183371965664,2.789926931106472,1.665967776850048,0.21527036865656016,2.7606600911739227,2.683760941037965,0.161800155236296,0.5609102676018182,32.105233758076096,1.3644724347182338,1.3644724347182338,7.078085866146146,23.908543335734066,112.29582120002092,84.55174878884556,0.0,0.0,0.0,0.0,1.375239872595504,0.5206717884235665,0.2547485024532675,0.28276817071450316,0.7529376239053659,440.928,521.088,0.0,0.0,4.047560845998512,4.047560845998512,0,0,0,3.3690885667471324,0.6272341809358232,0.0015634576177908969,7.152043126414929,11.38019536966392,10.332691273404961,11.38019536966392,0.952671010994234,0.2353691636127128,0.7173018473815211,0.7684221817011692,1.0019190616556128,7.078085866146146,0.0,0.23157781829883084,89.31277748508451,0,Healthcare
2016-09-30,ALGN,2016,Q3,USD,0.7509341718445451,0.22808510027316226,0.24760489466561852,0.22283363664753453,0.22808510027316226,0.18438272867916536,0.18438272867916536,0.18438272867916536,1.1371350901253918,2.0960306911551476,2.634182453209825,1.6135307949819875,0.2050117264567556,2.6578205572932303,2.581036055863414,0.1507257173750527,1.2241561750293688,36.49154004516519,22.98967022845415,22.98967022845415,7.711371630447079,26.91363890893036,176.4862948404105,125.32541745365805,0.0,0.0,0.0,0.0,1.3975923316637697,0.5087756304017312,0.1743968098037901,0.21475004397158537,0.7101141625018804,39.153793574846205,42.43267259056733,0.0,0.0,3.449633858040708,3.449633858040708,0,0,0,3.4833639671405527,0.6422721532440576,0.018292759168260876,7.664278480063018,12.157370243945135,11.119734423646799,12.157370243945135,0.7480525651124699,0.21684984433024496,0.5312027207822249,0.8083944477668313,1.0235667455983506,7.711371630447079,0.0,0.184098706367442,102.60794070745143,0,Healthcare
2016-12-31,ALGN,2016,Q4,USD,0.7511826277357326,0.2075558572047353,0.2578009092676405,0.23318997418171028,0.2075558572047353,0.16241648277814347,0.16241648277814347,0.16241648277814347,1.1850655780773194,2.5511959714645407,2.688953595518042,1.6738483846843297,0.21000808651786232,2.6894831162600363,2.6129143324819735,0.1368318353536513,1.0986072502010809,40.3244971756158,-6.451919548098528,-6.451919548098528,7.716753470251328,26.197452004242795,115.0358162103876,94.85269844406027,0.0,0.0,0.0,0.0,1.4026184737826117,0.5023351836622807,0.22854078767268263,0.2761908984560185,0.8245492714250432,0.0,0.0,0.0,0.0,5.6996058558558556,5.6996058558558556,0,0,0,3.669440828994794,0.5959776732078494,0.0,8.012815378454144,12.457311273528234,11.43110482579095,12.457311273528234,1.0134661593912695,0.17781337605126152,0.835652783340008,0.7825193900354936,0.8900719592815772,7.716753470251328,0.0,0.19764690416721442,96.46897020691115,0,Healthcare
2017-03-31,ALGN,2017,Q1,USD,0.7592454751386378,0.20402718300192368,0.2240760969385289,0.19872656207204334,0.20402718300192368,0.22730158116394547,0.22368942550291454,0.22368942550291454,1.1617688898206104,2.0178243491411902,2.124182634900779,1.339454966075652,0.21266531121577367,2.5117137276571997,2.415492649512794,0.18649527771477106,0.7140586616478003,33.00845520023048,0.7335212266717885,0.7335212266717885,8.772138140925948,29.534569521912992,-767.1399263475058,192.47365322021795,0.0,0.0,0.0,0.0,1.3966196913506401,0.5391346494611103,0.13027076710964727,0.15344733696160032,-0.25089771319375903,46.6644376899696,37.491185410334346,0.0,0.0,0.7994258758750357,0.7994258758750357,0,0,0,3.8839232078494192,0.8687925510612735,0.02058720464557469,6.828018622346816,13.076629455346415,11.91965358430116,13.076629455346415,0.5959776732078494,0.7455071085302363,-0.14952943532238686,1.0963707002748033,1.0266729362930294,8.772138140925948,0.0,-0.11407498657569727,128.0523560540696,0,Healthcare
2017-06-30,ALGN,2017,Q2,USD,0.7599738556224438,0.24343725629905577,0.25932585656498786,0.23442698369062112,0.24343725629905577,0.19406028915905993,0.19406028915905993,0.19406028915905993,1.2221094708838716,1.8620111853415446,2.4354595394643215,1.3950199382481734,0.22981239528180678,2.3616559477961188,2.278950366764282,0.16505638624738053,0.8431859057053268,43.5024449616213,-37.84712711661058,-37.84712711661058,11.163828735922129,33.768388193513275,130.8586987857508,108.97211438710202,0.0,0.0,0.0,0.0,1.4385646506313712,0.6303619945908143,0.2600471755854575,0.309881003809449,0.8327464310608598,23.9906600249066,26.01774595267746,0.0,0.0,5.9789456592336006,5.9789456592336006,0,0,0,4.445577891953908,0.8627101311916995,0.04005586870853494,7.506958647179129,13.44699955105502,12.308325435227216,13.44699955105502,1.3776001396717714,0.23040853993116178,1.1471915997406095,0.7971675827658128,1.03843530495758,11.163828735922129,0.0,0.17730839699934317,126.3415064092163,0,Healthcare
2017-09-30,ALGN,2017,Q3,USD,0.7591825928511915,0.2660830021777105,0.2822328411205735,0.2563494926894855,0.2660830021777105,0.21427996688011172,0.21427996688011172,0.21427996688011172,1.198983593088682,2.0194810848461104,2.511545437318968,1.302013173324862,0.2269449695250359,2.3863827001814166,2.306314468462337,0.17943238342722503,0.7859500746690826,45.2182242444431,2.287510167660061,2.287510167660061,12.633242475620962,38.75743837390693,213.25281362467865,126.408144,0.0,0.0,0.0,0.0,1.4362803077605126,0.6325911695647176,0.25603150623470583,0.30660554887908903,0.5927619047619047,24.104266666666668,26.3368,0.0,0.0,2.4555659494855004,2.4555659494855004,0,0,0,4.80604518293976,1.0298392026246523,0.04677968638898245,8.471077679228571,14.744433217319711,13.620847523171538,14.744433217319711,1.4735601212529472,0.6000898169978669,0.8734703042550803,0.8053124969516061,1.0379696850034932,12.633242475620962,0.0,0.1789431584286871,133.989506690578,0,Healthcare
2017-12-31,ALGN,2017,Q4,USD,0.7545683477996692,0.2601472029772882,0.28631240164909105,0.2601472029772882,0.26627314435717964,0.02436135696365971,0.02436135696365971,0.02436135696365971,1.3051126771470611,2.8117794213617575,3.2632542287301187,1.207945686983397,0.23698376021455056,2.324157921802433,2.2605038809519984,0.03392585651313336,0.9029661561701512,433.38306703039746,-4.959828433792326,-4.959828433792326,15.467175952084983,42.23119839173271,191.77391060669748,109.6126018013134,0.0,0.0,0.0,0.0,1.54546450272521,0.6487776221665649,0.32607630128400855,0.385276854100061,0.5715720217340414,1.5173400071505183,9.796746514122274,0.0,0.0,2.3341146020562227,2.3341146020562227,0,0,0,5.261276223776224,0.12817182817182818,0.1397102897102897,9.010264735264736,14.36525974025974,13.253021978021978,14.36525974025974,2.027047952047952,0.8684440559440559,1.158603896103896,0.0914901013486411,1.023547980949948,15.467175952084983,0.0,0.9239394938807527,143.7740545469618,0,Healthcare
2018-03-31,ALGN,2018,Q1,USD,0.7493477126456775,0.22473473647590886,0.2509040473858154,0.22473473647590886,0.2301201124222977,0.21941115617361373,0.21941115617361373,0.21941115617361373,1.2087788656528127,2.6149327857501015,3.053476830424357,1.0908700515319778,0.24508689196519273,2.256389663793353,2.187148276494493,0.16374904428854625,0.9614235933472977,52.4154566791146,0.06368233054471868,0.06368233054471868,17.82718737693577,46.002143805329986,1017.4871256454389,259.911041742099,0.0,0.0,0.0,0.0,1.5811922374186225,0.6670707446995293,0.14929389847196348,0.17699187959462057,0.25544405938033415,0.0,0.0,0.0,0.0,1.3430824273159887,1.3430824273159887,0,0,0,5.4590934079664155,1.1977859963016642,0.0,8.280561247438653,14.086910890099455,12.99204108151332,14.086910890099455,0.9662152031585787,0.719401269428757,0.24681393372982158,0.9534636232532697,1.0239632556623757,17.82718737693577,0.0,0.028862698294296087,178.80281757977122,0,Healthcare
2018-06-30,ALGN,2018,Q2,USD,0.7456915630309694,0.25025751694512494,0.2760234896248718,0.25025751694512494,0.2396875937004726,0.21642641950479236,0.21642641950479236,0.21642641950479236,1.3095538917277247,2.557791728212703,2.6385549817997123,1.0944918101591086,0.2557976697142684,2.2253735136222614,2.1419845900262247,0.1702005361007984,0.9670817406281876,64.66495980396776,6.46649598039677,6.46649598039677,22.515197180545037,55.98082287117626,334.40274685641873,196.33234546352,0.0,0.0,0.0,0.0,1.5723162140810314,0.728931623677465,0.24669546771705791,0.2851329603332116,0.5871134352488393,0.0,0.0,0.0,0.0,2.421972729005319,2.421972729005319,0,0,0,6.111735813304079,1.322741099032612,0.0,8.883788770320136,15.195958412286826,14.132492270868655,15.195958412286826,1.7426573252219009,0.7195197965493169,1.0231375286725841,0.9029521143061382,0.9577638131566293,22.515197180545037,0.0,0.06555242577164302,198.76228904177412,0,Healthcare
2018-09-30,ALGN,2018,Q3,USD,0.7357789304734518,0.2477948263271118,0.2757372513551651,0.2477948263271118,0.25055958075477597,0.19963228964018612,0.19963228964018612,0.19963228964018612,1.2022789785759833,3.1001509346336933,2.7325719431822835,1.0277830889083253,0.26202431543166504,1.9802073408830994,1.90117581594574,0.15636056577040122,0.6807730071868898,77.73479934967088,-17.101655856927568,-17.101655856927568,26.29128723544258,62.073503915580986,737.532831377713,325.8199628109905,0.0,0.0,0.0,0.0,1.616456395438996,0.7771728012821401,0.15571594719585125,0.19051473513177608,0.4417701137485067,0.0,0.0,0.0,0.0,1.7913766794447132,1.7913766794447132,0,0,0,6.307361036561771,1.2591529253161238,0.0,7.55398135087566,14.891625369799403,13.847985919536644,14.891625369799403,1.2016452172610503,0.670794272946287,0.5308509443147633,0.7967457841317483,1.0111574340297744,26.29128723544258,0.0,0.1943130208127641,222.09764596955364,0,Healthcare
2018-12-31,ALGN,2018,Q4,USD,0.7173813714842141,0.22559641960975244,0.25657278753604734,0.22559641960975244,0.2284408823639564,0.18237519194037677,0.18237519194037677,0.18237519194037677,1.2164215312214557,2.348792330677291,2.7124602361567907,1.02434355272774,0.26018559210468617,1.8819965523868147,1.80159896427111,0.14249462521589812,0.9202771961917312,42.94904132269591,-13.528948016649213,-13.528948016649213,13.354371713101939,31.331358619527357,89.46599290969756,69.3407328373982,0.0,0.0,0.0,0.0,1.6381776227940021,0.8780487002817379,0.34865541640838466,0.45184637279502643,0.7750512857705298,0.0,0.0,0.0,0.0,4.445457727666317,4.445457727666317,0,0,0,6.6843574370079235,1.219060970572405,0.0,9.204528670313302,15.682504912943886,14.656744814810178,15.682504912943886,3.0203026623774893,0.6794132004856617,2.3408894618918277,0.7983474326185324,1.0126086342998015,13.354371713101939,0.0,0.18457767722473606,117.46650461628289,0,Healthcare
2019-03-31,ALGN,2019,Q1,USD,0.7324539911944347,0.2140058400170501,0.24737007965812402,0.15975525118813197,0.1540846419938394,0.1308775873406792,0.1308775873406792,0.1308775873406792,1.1454053050298258,2.3495488866137704,2.144504957000394,0.8691049329455665,0.2456872669987424,1.7879756586042213,1.702883893828179,0.09212384262806955,0.730541295391634,79.23699685447053,-3.0209105050766896,-3.0209105050766896,18.13490997878481,41.48138790573637,277.8912820637981,194.2894110420026,0.05164941394449591,0.09190621356625447,0.08417042821478349,0.0,1.7794241318017623,0.882139743780305,0.14561974147827514,0.2135030812192265,0.6991561937426946,0.0,0.0,0.0,1.0155969741870077,3.3239840049913503,3.3239840049913503,0,0,0,6.874167292762334,0.8996744302529427,1.4451164537941397,9.698347107438016,15.72381667918858,14.7179439018282,15.72381667918858,1.467655897821187,0.44153518657650886,1.0261207112446782,0.8493876199933796,0.9645043956169257,18.13490997878481,0.0,0.10398638104695701,164.20949344251432,0,Healthcare
2019-06-30,ALGN,2019,Q2,USD,0.7196456782704093,0.20890731933071083,0.24082357661183593,0.2938086922358527,0.32270345948123597,0.2449521139609487,0.2449521139609487,0.2449521139609487,1.1549777540213884,2.718450363196126,2.0759331393915486,0.9144699184021434,0.2560497217198341,1.847007652278828,1.744194888510936,0.1710459872369091,0.5367240946662172,36.90128284242432,0.3533101548742755,0.3533101548742755,15.810729295426452,36.156188960490894,164.51604141890817,122.46080855238675,0.02520868348353827,0.04305217655905806,0.04127518980026828,0.0,1.7078312156670903,0.9223350686380711,0.22477016549098533,0.2952470213768339,0.7443700170280907,0.0,0.0,0.0,2.998884004058167,3.911904184220394,3.911904184220394,0,0,0,7.514066272218956,1.8405864178226987,0.7397770911774639,9.017950289581327,17.183268078505936,16.196915302152785,17.183268078505936,2.218505685300777,0.5671165705565215,1.6513891147442552,0.7590625596475571,1.0983455153266475,15.810729295426452,0.0,0.2224486321686691,147.61688791804343,0,Healthcare
2019-09-30,ALGN,2019,Q3,USD,0.7204420580859846,0.19817532489985032,0.23062167711384543,0.20935849876757867,0.21144464147818112,0.1688079678467286,0.1688079678467286,0.1688079678467286,1.1420134031319102,2.6822590837282783,1.7910965768236722,0.9195114639729661,0.25840119470043144,1.7302641861576935,1.6213224477787584,0.11698542635124723,0.563541206972639,34.998501424056805,-1.1708589567320822,-1.1708589567320822,10.993647454059555,23.632103612303464,69.01254220499776,61.19738645472685,0.01845020805146402,0.03321591146712992,0.032148083569449204,0.0,1.800300103634563,0.9316739315351026,0.26953239923506916,0.3861619749037197,0.8867574574045333,8.76889400921659,0.0,18.01321044546851,5.408324685806526,8.830603561881095,8.830603561881095,0,0,0,7.655687490546059,1.2923410477487016,0.546626834064438,9.862010285887157,16.456776584480412,15.486020773458378,16.456776584480412,2.956335400594968,0.3347829375283618,2.6215524630666063,0.7983553835491632,1.0099644519944633,10.993647454059555,0.0009071435185991845,0.20164461645083673,99.2799711564548,0,Healthcare
2019-12-31,ALGN,2019,Q4,USD,0.7263272426195045,0.23976626186735037,0.26615798715579103,0.2326146875822385,0.23976626186735037,0.18661807638503078,0.18661807638503078,0.18661807638503078,1.1808061552887472,2.0381547277936964,1.5870362602743393,0.944493541907107,0.25984183641233544,1.6822548585435184,1.5668537647919092,0.12390984060221752,0.5668815720362113,45.20460886345269,2.33255781735416,2.33255781735416,16.288003304191378,33.743988599341016,124.84643659573983,100.49824280286191,0.017380319606254562,0.03228643654697144,0.0312766257541565,0.0,1.8576434310996612,1.0013021194498122,0.2247000422258154,0.33576695132404927,0.8049748598614886,0.0,0.0,0.0,5.019832961369441,5.127544065804935,5.127544065804935,0,0,0,8.269324747384765,1.5432054773600754,0.5531191936674387,11.054328183461019,17.131627173000076,16.16835501030823,17.131627173000076,2.776565959937896,0.5415001654407086,2.2350657944971877,0.7783333440310147,1.0307442937479325,16.288003304191378,0.0,0.22166665596898527,123.85046846992702,0,Healthcare
2020-03-31,ALGN,2020,Q1,USD,0.7157576824578057,0.12690144347261068,0.16454099458584334,0.12690144347261068,0.0968395336891951,2.7554137029165298,2.7554137029165298,2.7554137029165298,1.033693931002394,2.154450405832989,1.2945187928283888,0.7507770587457775,0.13896222798397917,1.7311400416828633,1.598298425582473,1.3840604541435857,0.8682421822669943,2.2513008429443833,0.001949945611999072,0.001949945611999072,4.7918440624902505,24.813060768145956,-376.6033552794689,1397.2892886345053,0.013555401983434388,0.018838137826679317,0.018489823974261146,0.0,1.3897144363332632,0.829583644510829,0.010743549368278418,0.01775799826848627,-3.7102412101390025,0.0,0.0,0.0,0.18204484138059354,0.21230335250081372,0.21230335250081372,0,0,0,7.010420907980456,19.31660983306189,0.6838482288273615,10.060769543973942,36.30126475977199,35.362861359934854,36.30126475977199,0.12449104234527687,0.5863828379478827,-0.46189179560260585,28.453397057445414,0.7631082124774736,4.7918440624902505,0.0,-27.453397057445414,142.67260192375574,0,Healthcare
2020-06-30,ALGN,2020,Q2,USD,0.6367274647047804,-0.20720153045294823,-0.1403719409390487,-0.20720153045294823,-0.208600850377788,-0.11524378821165211,-0.11524378821165211,-0.11524378821165211,0.7443557553759238,1.347405434427869,0.9749382979371706,0.4776951143616048,0.08751279541225632,1.220532884731391,1.0811136883066126,-0.014445144527664015,0.4294418389281132,-131.94230730234963,1.2848414198998965,1.2848414198998965,7.531861972081286,60.822125275634804,840.8933894894636,357.7376668507512,0.012573471934050316,0.017791985715515924,0.017480964642306567,0.0,1.41504158985183,0.806680320690196,0.0636156636844833,0.17001879005659723,0.4254257095158598,-1.4117446518366998,0.0,5.1052586721213675,1.1833501254469665,1.7404189789929396,1.7404189789929396,0,0,0,4.512173797878451,-0.5200000015368701,0.6482902339243098,5.178727171603548,36.43720517148083,29.480165596217425,36.43720517148083,0.7671543296403753,0.4407871546449549,0.32636717499542045,0.5524607785775516,1.0067534246575343,7.531861972081286,0.0005475421766242652,0.4475392214224484,-426.1398492439592,0,Healthcare
2020-09-30,ALGN,2020,Q3,USD,0.7274976026501613,0.2513743897654956,0.27454423110452447,0.24119110147328043,0.2513743897654956,0.1898415024845262,0.1898415024845262,0.1898415024845262,1.1726678231312075,1.678547456034367,1.6252427026719636,0.9327876621734772,0.16628060440883324,1.3132954891896373,1.2035667867719029,0.11859773309593086,0.5487032378493734,46.286215640269496,-0.10510407044952026,-0.10510407044952026,8.506369317524381,35.148178885886146,135.9405355684686,122.25129169193453,0.014839558233341058,0.021598360426059785,0.021141733642810606,0.0,1.4554584500725407,2.626139991593708,0.18815575765247453,0.287507627931305,0.8992997650090965,20.917736757624397,23.684991974317818,0.0,3.2215879605604565,9.930463420371677,9.930463420371677,0,0,0,9.313711559930985,1.7681289962447986,0.9260377549984776,7.808941439155587,38.484103826245814,31.431099665076626,38.484103826245814,2.677763117832132,0.26965137521567034,2.408111742616462,0.755214175404373,1.0422208291682904,8.506369317524381,0.0,0.2447858245956271,125.29488546550569,0,Healthcare
2020-12-31,ALGN,2020,Q4,USD,0.7315139241719791,0.25708431193979775,0.2851375641087092,0.25545702919043284,0.25708431193979775,0.19051430762594065,0.19051430762594065,0.19051430762594065,1.2688382615887999,1.57640081051417,1.6091771583702608,1.0211018581283633,0.17278980835802266,1.3952448738345853,1.2902079886783429,0.11514909594953811,0.7248357537449052,66.25887824867286,4.691128580006041,4.691128580006041,13.030063450391404,50.49305725446963,128.36652198416493,110.47581954705862,0.013343525858736485,0.019928166450980483,0.019538794109710732,0.0,1.4934708158813061,1.9066244759478632,0.2877321305581393,0.45705075971816134,0.8606279724606599,0.0,0.0,0.0,5.918504150826286,7.175040914990876,7.175040914990876,0,0,0,10.583237162821959,2.01625810051615,0.8172802556656056,12.185243427643844,41.01131218850266,33.7206701076687,41.01131218850266,4.837076585545255,0.6741531710905102,4.162923414454745,0.7410576949967839,1.0063700840588412,13.030063450391404,0.0,0.25894230500321613,173.3160251814434,0,Healthcare
2021-03-31,ALGN,2021,Q1,USD,0.7567276990425483,0.2923887788048562,0.2806092285065117,0.2519594399013826,0.2923887788048562,0.2239410977780907,0.2239410977780907,0.2239410977780907,1.2445403549864595,1.7512188450337094,1.4449592745763162,1.0572677698938326,0.17649102071844508,1.517786807973931,1.4097092783830592,0.13483485919988356,0.8119270333366335,53.37574110671937,2.0734422506840984,2.0734422506840984,12.606427556064752,47.81208823263159,232.8134591523542,188.30685734659113,0.012593243654263635,0.018813487601279596,0.018466076303695733,0.0,1.4939350113272842,1.43663308312929,0.1629933665365228,0.25390518914895543,0.8088314912384952,5.247712508638562,6.23209398756047,0.0,3.5584149111128514,5.230987082959176,5.230987082959176,0,0,0,11.326215189873418,2.5364050632911392,1.2660759493670886,14.325291139240507,42.9566582278481,36.01944303797468,42.9566582278481,2.875784810126582,0.5497594936708861,2.3260253164556963,0.765901819808043,1.160459710972916,12.606427556064752,0.0,0.23409818019195708,166.13370585587919,0,Healthcare
2021-06-30,ALGN,2021,Q2,USD,0.7504273808675832,0.26592785177798356,0.26602678253436857,0.26602678253436857,0.26592785177798356,0.19757857080672095,0.19757857080672095,0.19757857080672095,1.2508776988388512,1.120806472394137,1.4112928039563415,0.9587689003933502,0.18734042458551167,1.3154839055724425,1.2101243618783895,0.11541012690201366,0.6403213286014637,60.42877314559821,-153.4890837898154,-153.4890837898154,14.263605177859656,47.75772253484341,249.77822390785803,152.04182624470872,0.01374906219326677,0.021919330104804086,0.02144917848119785,0.0,1.5942418324021026,1.6083414150205615,0.1871434373012547,0.3141091087526019,0.6087072918766377,0.0,0.0,0.0,4.279952550415184,2.5556315751346217,2.5556315751346217,0,0,0,12.79374240583232,2.52776933981369,0.9389428918590522,13.749962029161605,42.83629505872823,35.87624038072094,42.83629505872823,4.018631024706359,1.5724610166059134,2.4461700081004456,0.7429781028414967,0.9996281173066768,14.263605177859656,0.0,0.25702189715850327,175.75813865274338,0,Healthcare
2021-09-30,ALGN,2021,Q3,USD,0.7433325524211886,0.257886064261851,0.25707102822505234,0.25707102822505234,0.257886064261851,0.17813557553553183,0.17813557553553183,0.17813557553553183,1.1881427353436167,1.4907155434608612,1.2589563336487766,0.9273479775371156,0.17980290291744813,1.3714385457307792,1.2557516414709142,0.10103091527069905,0.6913989996173857,72.53326359763274,-7.6462148709171265,-7.6462148709171265,14.929952245844328,51.68301862573899,227.6199276889062,147.89999188741535,0.01315939214624001,0.02114217567182539,0.020704438789746024,0.0,1.6066225124134075,1.6928437407309895,0.19829136213459642,0.34944571643439454,0.6497673265653344,217.56159420289856,315.41062801932367,0.0,4.774639552399398,2.855244743996011,2.855244743996011,0,0,0,12.875215451688128,2.2935339146304368,0.9528034066713982,15.687696441245057,44.57013586129981,37.69611173071074,44.57013586129981,4.499188887762344,1.575762952448545,2.9234259353137992,0.690753011588317,1.003170470209833,14.929952245844328,0.0,0.30924698841168297,196.59066748353496,0,Healthcare
2021-12-31,ALGN,2021,Q4,USD,0.7221062187045085,0.21337621314733116,0.248613372721727,0.21422967144764954,0.21337621314733116,0.18520142100807002,0.18520142100807002,0.18520142100807002,1.14924353375732,1.7483860732460368,1.2445641315206533,0.8569760377265969,0.17352405122086262,1.2962489429963864,1.1765911964787161,0.09799706475306502,0.57137704377853,67.76100829488743,11.93636223040709,11.93636223040709,14.287310458402182,50.197740100611085,316.0787260080731,189.69774351381164,0.01727601811477741,0.028336766302832626,0.027555920619965264,0.0,1.6402371260883415,1.6698013596805172,0.14180817651739464,0.2646195952086075,0.6001597953446778,258.2886363636364,251.01363636363635,0.0,2.657896274937656,2.500999120041065,2.500999120041065,0,0,0,13.091824426414759,2.4246244873601746,1.3145926179865157,14.872484414479615,45.99746060767658,39.29021445168171,45.99746060767658,3.464353280260034,1.3851877245775086,2.079165555682525,0.8679572023344181,0.9960161526900023,14.287310458402182,0.0,0.13204279766558188,198.02268669176303,0,Healthcare
2022-03-31,ALGN,2022,Q1,USD,0.7288657537512112,0.19264523195704153,0.203532812244726,0.19334086161490888,0.19264523195704153,0.13799360678326256,0.13799360678326256,0.13799360678326256,1.0234800587238089,1.4148003581596598,0.9572095520352306,0.7686297459906775,0.1637474690472513,1.331136207661644,1.1832171006633767,0.075310929375084,0.49693906625020723,63.909201924079284,-2.1783136430460823,-2.1783136430460823,9.362666396134886,35.276245120574096,-604.1089565370403,1125.697160469539,0.02191097574558999,0.035514386727361784,0.034296372105076585,0.0,1.6208491643513292,1.6396234600400126,0.016364687089346856,0.03133724269665923,-1.8634008787461473,214.02363367799114,277.9364844903988,0.0,0.23419286471211587,0.3492350677903994,0.3492350677903994,0,0,0,12.359592085545199,1.7055446902542482,1.6624291991567397,12.86312260293109,46.56793071042138,40.02169109242844,46.56793071042138,0.3873155368164385,1.1090396484722258,-0.7217241116557872,0.716309484441505,0.9964020556645037,9.362666396134886,0.0,0.28369051555849506,169.30169828656818,0,Healthcare
2022-06-30,ALGN,2022,Q2,USD,0.7091505054391044,0.1790608661929776,0.1941059436668238,0.1941059436668238,0.1790608661929776,0.11634227319187296,0.11634227319187296,0.11634227319187296,1.0404559083289873,1.9366788684609944,0.9095231030234223,0.7456058187142598,0.16687317419832537,1.317216558949332,1.1453901377400086,0.06812637322379805,0.4863080202215234,41.12088796542553,-2.6043229044769496,-2.6043229044769496,5.155133949472101,19.136390326263754,363.6206692797648,146.04073084340195,0.021160496024263876,0.034160109205655556,0.03303174131507947,0.0,1.6143340480528223,1.6301707172106856,0.0704078997391951,0.13103461079487144,0.401629343933252,519.9469387755101,768.1469387755102,0.0,1.0333482451502705,1.6712049460668246,1.6712049460668246,0,0,0,12.36753619491039,1.4388672746986415,1.5714012373238089,11.47571911473946,45.90957331462466,39.736768926589704,45.90957331462466,1.6205752917915683,0.9697047005548823,0.650870591236686,0.6497359007885536,0.9224903823673192,5.155133949472101,0.0,0.3502640992114464,94.57793284660673,0,Healthcare
2022-09-30,ALGN,2022,Q3,USD,0.6954235871816413,0.13774501655532442,0.16134814701667213,0.1251948676247939,0.13774501655532442,0.08165346583583048,0.08165346583583048,0.08165346583583048,1.0357351834337836,1.9520796441065953,0.8450497502360527,0.6766019890402922,0.15057970823308475,1.3819917398169452,1.2046387675935102,0.050748812089190236,0.5772749354345051,55.61843614167813,-1.5704029028238533,-1.5704029028238533,4.37767144514378,18.16575230134734,84.62042980317474,60.693935162600106,0.020441577445008307,0.03271430744471288,0.03167798413257121,0.0,1.6003807696700771,1.4092612421818551,0.14727620104531716,0.2993009474946875,0.7172491950675843,55.61721068249258,66.15252225519288,0.0,2.2047539857860294,3.536683123639645,3.536683123639645,0,0,0,11.40112430051349,0.930941313562035,1.5693083887160182,13.967513093363042,47.31053999718284,41.30069276375603,47.31053999718284,3.4123673056483934,0.9648496023971419,2.447517703251252,0.5927870777309383,1.1002449155355396,4.37767144514378,0.0,0.40721292226906175,106.15766295873478,0,Healthcare
2022-12-31,ALGN,2022,Q4,USD,0.6851810563329507,0.12791911393598554,0.17391723931382172,0.12496852520479415,0.12791911393598554,0.046338663250195505,0.046338663250195505,0.046338663250195505,1.0486573570552005,2.219551106592633,0.8378223597203854,0.6674255127763773,0.15156742317979632,1.258843847016985,1.082949830389841,0.03547404338808372,0.4891512326527984,97.8659299820467,-2.333726022648806,-2.333726022648806,4.540897322621078,18.13990549242109,178.71978951509786,113.0104065456405,0.021336437597712286,0.03523892931499729,0.034039416715438225,0.0,1.651584485630143,1.5155575318089471,0.07513784557453267,0.16051535470846298,0.6323329210058947,30.160507246376813,40.81920289855073,0.0,1.1402512055977558,2.7198518908352756,2.7198518908352756,0,0,0,11.626300924672108,0.5387472433938174,1.6722508092493005,12.89103828942108,46.44456481087425,39.95417907945474,46.44456481087425,1.8661998168710747,0.6861402354883223,1.1800595813827524,0.3622497203458173,1.023610654973771,4.540897322621078,0.0,0.6377502796541826,99.10296576928228,0,Healthcare
2023-03-31,ALGN,2023,Q1,USD,0.7004782923552744,0.14156435847222118,0.17954359182608862,0.14156435847222118,0.14273914882833746,0.09309047264106232,0.09309047264106232,0.09309047264106232,0.9164792857434375,2.1636859399054846,0.9057601359475448,0.6830913794701833,0.1598162010408293,1.163266649971715,1.007681839451102,0.05105230488655525,0.41523687043487023,73.27631533878903,0.6594868380491016,0.6594868380491016,7.39473948109926,27.285307313133583,189.53317034277043,128.73786606198254,0.02148252428895417,0.03642994681971432,0.035149454076949076,0.0,1.6957945132381758,2.284235179004781,0.09971824774842637,0.2119446915486133,0.6792365992145877,0.0,0.0,0.0,1.5767325561217247,3.117562656934762,3.117562656934762,0,0,0,12.246151240494335,1.1400000070115492,1.6461299903062734,11.47851643771383,45.186176045018506,38.59607281306954,45.186176045018506,2.59550674732424,0.8325435710332072,1.762963176291033,0.6521719752792964,1.0082986308757003,7.39473948109926,0.0,0.34782802472070357,147.80348382186895,0,Healthcare
2023-06-30,ALGN,2023,Q2,USD,0.7120616899477435,0.1712169455772606,0.20729953810370066,0.17155820402265876,0.1712169455772606,0.11157155501096118,0.11157155501096118,0.11157155501096118,1.1032348262595018,2.6196178112659436,0.9227079709403458,0.7133294849610975,0.16309949467414211,1.1700901490936444,1.0216675802597452,0.05890595866571917,0.4517924221606832,60.50661670273848,2.155548220035058,2.155548220035058,7.438072704814693,27.003269255906915,140.04899478347272,107.4837946277857,0.02171355103302927,0.036670962627885925,0.035373772344242854,0.0,1.6888514721569217,2.923172056732417,0.11949180495143719,0.25123107487429813,0.7674728033140438,0.0,0.0,0.0,1.8871008844251236,4.3005722094115635,4.3005722094115635,0,0,0,13.096192044325964,1.4611625111076263,1.743505305525064,13.169214886832888,47.5445742512153,40.95760807067064,47.5445742512153,3.290170404056244,0.7650541006742982,2.5251163033819455,0.6516385082959864,0.9980108299259587,7.438072704814693,0.0,0.34836149170401365,126.32207634175693,0,Healthcare
2023-09-30,ALGN,2023,Q3,USD,0.6905502315108923,0.17323846559204512,0.21180278562903687,0.17323846559204512,0.16882799042713395,0.1264582686776073,0.1264582686776073,0.1264582686776073,1.06197452271566,2.980530227799344,1.003204035261269,0.692118954498996,0.15196743683797123,1.2726433429141784,1.1331280564261845,0.06296258768975856,0.5836180737885224,48.131896283363666,5.405582197977758,5.405582197977758,6.1490981218170235,24.34670508865732,88.03036163995662,81.39818485686231,0.020067892148057362,0.033352043443929905,0.03227558667496804,0.0,1.661960468885542,2.049092571667579,0.1352839820893779,0.29910624090046595,0.9246603483214139,0.0,0.0,0.0,2.265031545741325,13.273223033552084,13.273223033552084,0,0,0,12.540505948882707,1.5858506706369417,1.656022672360877,16.766641852446813,49.65280988389557,43.292063367681436,49.65280988389557,3.7509435933602373,0.28259478378978437,3.4683488095704527,0.749036154239996,0.9745410169165475,6.1490981218170235,0.0,0.25096384576000397,109.48112894343483,0,Healthcare
2023-12-31,ALGN,2023,Q4,USD,0.7034093355882457,0.1806995942411934,0.21558000932346355,0.17930421040088804,0.1806995942411934,0.12962331952931141,0.12962331952931141,0.12962331952931141,1.0589999822896004,2.5388022099447514,0.9673292871048359,0.6790771558889374,0.15725597345245473,1.1838793077168368,1.040213179935653,0.06429720859480849,0.45361125049658596,41.81508136178173,13.297195873046594,13.297195873046594,5.713451273368409,21.680838610009552,1538.3137051320084,442.29225126871086,0.02081222220633323,0.03487656896908378,0.033701187189721454,0.0,1.675773428868673,1.9956217245065575,0.02269319189726562,0.04901925943269024,0.28751759136850186,0.0,0.0,0.0,0.3703867508035919,1.4035434249117136,1.4035434249117136,0,0,0,12.637887534179622,1.638164934018467,1.6725757235512464,12.849451144604574,47.957003024979194,41.33047567467604,47.957003024979194,0.6194998877191128,0.4413827721490562,0.17811711557005666,0.7173415085608514,1.007782214579265,5.713451273368409,0.0,0.28265849143914856,96.6385762978119,0,Healthcare
2024-03-31,ALGN,2024,Q1,USD,0.7050763411203381,0.1545319926892186,0.1875628489589756,0.1545319926892186,0.15879394163606306,0.10529851187701204,0.10529851187701204,0.10529851187701204,0.8615975598905717,2.5556133676794213,1.0697632071294934,0.7120921250370349,0.16203230343512753,1.22553818731306,1.0870951206624087,0.05758768960563364,0.42797204802077665,57.19829176505313,-3.9085499372786296,-3.9085499372786296,6.391112634512987,24.09158001906899,1245.3842316662349,838.3229399246442,0.02053623325428534,0.033622528498401534,0.032528827082790826,0.0,1.6372295776970418,2.3853996269192135,0.014168768700189467,0.02873782747879302,0.673144013396595,0.0,0.0,0.0,0.2267434501961777,3.059451382217953,3.059451382217953,0,0,0,13.268121050881277,1.3971134020618556,1.6816228799467907,11.95751247090123,50.01476554705687,42.30397073495178,50.01476554705687,0.38129697372796806,0.12462919853674759,0.25666777519122047,0.6631141641306681,1.027579719077432,6.391112634512987,0.0,0.3368858358693319,124.49313265377029,0,Healthcare
2024-06-30,ALGN,2024,Q2,USD,0.7026106233410145,0.17323746463261674,0.20840163735184591,0.14297270756157085,0.13988079611858162,0.09388909955371467,0.09388909955371467,0.09388909955371467,0.8507074547015588,2.8911637931034484,1.178695296964839,0.7346357142857143,0.1670081015549036,1.1824674761300455,1.055272810333917,0.05529458227240611,0.3732281040744232,46.4508247379976,-5.419262886099726,-5.419262886099726,4.774440928303727,17.444904432712033,168.66343062880134,112.25831530342182,0.02096203447561382,0.034351825536974294,0.03321096815306616,0.0,1.6387639080041343,2.4826921962806328,0.07834207547900439,0.1553996635844782,0.6655759039461417,0.0,0.0,0.0,1.2380956069749247,2.9902151543498596,2.9902151543498596,0,0,0,13.679639284954245,1.2843690146839752,1.717000957650564,10.402625558629495,49.98281549265801,42.39878165567142,49.98281549265801,2.125811342838902,0.7109225367099383,1.4148888061289635,0.6712079296011566,0.9783741142227602,4.774440928303727,0.0,0.3287920703988434,80.757919743957,0,Healthcare
2024-09-30,ALGN,2024,Q3,USD,0.6972016787473208,0.16603809087487933,0.204686298411244,0.16597059737879805,0.16968478492072583,0.11858709524354925,0.11858709524354925,0.11858709524354925,0.843353709862148,2.7156234236712984,1.1651942593824154,0.6927862864203198,0.1536091727675922,1.2586599328459358,1.1355171730358358,0.063493033589085,0.5049081392683609,40.97612928261601,1.9425720548795737,1.9425720548795737,4.818750933612956,19.43696058379829,81.27382610257331,72.08797445213948,0.02004453678258818,0.0323507981281599,0.03133702050390021,0.0,1.6139459085061838,2.1585887427444375,0.12776717339927593,0.26962833581491236,0.8869765078016552,0.0,0.0,0.0,2.0662680344506006,8.84771812080537,8.84771812080537,0,0,0,13.084350246199957,1.5516350888460715,1.7073833226289874,13.941540890601583,52.77716227788482,44.91726878612717,52.77716227788482,3.5279115821023335,0.39873688717619354,3.12917469492614,0.6988669921051046,1.022378587536507,4.818750933612956,0.0,0.30113300789489544,90.39168013109709,0,Healthcare
2024-12-31,ALGN,2024,Q4,USD,0.7002890821015274,0.17794274426030854,0.21625491474740735,0.14484148715006445,0.14145328817074432,0.10430568548229083,0.10430568548229083,0.10430568548229083,0.966501345520548,2.845049819215589,1.216094413005777,0.7188239882702183,0.16014208476812666,1.2229676054340792,1.0981964419509653,0.0600758058337901,0.5122046960123688,37.37008508578419,-3.6202269926853416,-3.6202269926853416,4.02834011295475,15.591649365617014,58.97416620742863,54.240821349422184,0.019193029318057477,0.03096507385153369,0.030035036721324355,0.0,1.6133500000649017,2.0142300857731525,0.1403700736055018,0.2874523094916797,0.9197386726696914,0.0,0.0,0.0,2.3984338975661696,12.459300553111799,12.459300553111799,0,0,0,13.37318426745858,1.3948991520982545,1.6027761727515824,14.027157043228208,51.760773458391,44.42235181875596,51.760773458391,3.8441527029387657,0.3085367983982585,3.5356159045405073,0.7373860786918318,0.9766075380335625,4.02834011295475,0.0,0.26261392130816824,67.80237843890698,0,Healthcare
2025-03-31,ALGN,2025,Q1,USD,0.6945107642285722,0.13814280550046873,0.17811984943763773,0.13387632727502957,0.14341616441769414,0.09520434776392835,0.09520434776392835,0.09520434776392835,0.8941856048154398,2.3859405656314303,1.21327671586222,0.7106266500051523,0.16046057396416738,1.2064750058765974,1.0826309878510136,0.057341817058733584,0.43849060849404403,31.33663874289392,-3.629827321051883,-3.629827321051883,3.079944884921709,11.933537010524255,426.70096469127697,221.84788746298128,0.01942298806125693,0.03124075079007855,0.030294333079975404,0.0,1.6084420528679897,2.2628946441053963,0.026457747766390684,0.05379152872265032,0.5199141924215962,0.0,0.0,0.0,0.4443919517442106,2.0829609711732373,2.0829609711732373,0,0,0,13.312063293548299,1.2673663032543976,1.6113618444305484,11.867703433838123,51.57884505587124,43.96131154672249,51.57884505587124,0.7160762350126424,0.3437780375737473,0.3722981974388951,0.6638327565827886,1.0712585812356978,3.079944884921709,0.0,0.3361672434172114,62.67174801921733,0,Healthcare
