date,symbol,open,high,low,close,volume,change,changePercent,vwap
2020-07-30,AME,93.21,94.11,92.29,93.9,839200,0.69,0.74026,93.3775
2020-07-31,AME,93.32,93.53,91.48,93.25,1151811,-0.07,-0.07501072,92.895
2020-08-03,AME,93.83,95.85,93.27,94.95,1333586,1.12,1.19,94.475
2020-08-04,AME,93.13,95.99,93.13,94.49,1197138,1.36,1.46,94.185
2020-08-05,AME,95.81,97.05,94.96,96.42,1003104,0.61,0.63668,96.06
2020-08-06,AME,96.51,97.54,96.14,97.52,826988,1.01,1.05,96.9275
2020-08-07,AME,97.55,98.85,96.6,97.79,1487500,0.24,0.24603,97.6975
2020-08-10,AME,97.98,99.27,97.84,99.04,1711323,1.06,1.08,98.5325
2020-08-11,AME,100.0,101.68,99.23,99.25,1370700,-0.75,-0.75,100.04
2020-08-12,AME,100.23,101.55,99.98,101.23,843323,1.0,0.99771,100.7475
2020-08-13,AME,100.74,101.34,100.51,100.96,849700,0.22,0.21838,100.8875
2020-08-14,AME,100.36,102.03,100.36,101.28,1007230,0.92,0.9167,101.0075
2020-08-17,AME,101.28,101.94,101.17,101.4,906617,0.12,0.11848,101.4475
2020-08-18,AME,101.35,101.8,101.31,101.58,967600,0.23,0.22694,101.51
2020-08-19,AME,101.48,101.53,100.82,101.01,684700,-0.47,-0.46315,101.21
2020-08-20,AME,100.07,100.6,99.61,100.16,637116,0.09,0.08993704,100.11
2020-08-21,AME,99.98,100.7,99.83,100.24,636900,0.26,0.26005,100.1875
2020-08-24,AME,100.85,100.97,99.77,100.8,678800,-0.05,-0.04957858,100.5975
2020-08-25,AME,101.42,101.6,100.27,100.92,568300,-0.5,-0.493,101.0525
2020-08-26,AME,100.48,101.2,99.97,101.01,627500,0.53,0.52747,100.665
2020-08-27,AME,101.5,101.57,100.48,100.91,586116,-0.59,-0.58128,101.115
2020-08-28,AME,101.17,101.98,100.67,101.93,696907,0.76,0.75121,101.4375
2020-08-31,AME,101.78,101.78,100.37,100.7,657600,-1.08,-1.06,101.1575
2020-09-01,AME,100.42,102.21,100.19,102.02,533700,1.6,1.59,101.21
2020-09-02,AME,101.98,103.95,101.61,103.08,1525700,1.1,1.08,102.655
2020-09-03,AME,103.4,103.58,99.05,99.89,862100,-3.51,-3.39,101.48
2020-09-04,AME,100.86,101.23,98.42,99.47,795200,-1.39,-1.38,99.995
2020-09-08,AME,98.67,98.75,96.91,96.99,915113,-1.68,-1.7,97.83
2020-09-09,AME,98.11,100.02,97.83,99.35,675243,1.24,1.26,98.8275
2020-09-10,AME,99.6,100.36,97.94,98.11,1243900,-1.49,-1.5,99.0025
2020-09-11,AME,98.73,100.84,98.48,99.91,914900,1.18,1.2,99.49
2020-09-14,AME,100.64,101.79,100.51,101.39,684608,0.75,0.74523,101.0825
2020-09-15,AME,101.65,102.95,101.59,102.32,734811,0.67,0.65912,102.1275
2020-09-16,AME,102.79,103.48,102.0,102.34,1079048,-0.45,-0.43779,102.6525
2020-09-17,AME,101.16,103.04,100.3,102.33,695715,1.17,1.16,101.7075
2020-09-18,AME,102.03,103.2,100.62,100.71,1209338,-1.32,-1.29,101.64
2020-09-21,AME,98.75,99.41,95.04,96.24,919922,-2.51,-2.54,97.36
2020-09-22,AME,96.1,97.55,95.99,97.24,838300,1.14,1.19,96.72
2020-09-23,AME,97.56,98.42,95.12,95.32,712000,-2.24,-2.3,96.605
2020-09-24,AME,95.32,97.08,94.9,96.23,834200,0.91,0.95468,95.8825
2020-09-25,AME,95.52,97.93,95.15,97.49,573300,1.97,2.06,96.5225
2020-09-28,AME,98.93,100.44,98.82,99.49,685900,0.56,0.56606,99.42
2020-09-29,AME,99.95,100.91,99.3,99.89,1046495,-0.06,-0.06003002,100.0125
2020-09-30,AME,100.0,101.11,98.73,99.4,1032403,-0.6,-0.6,99.81
2020-10-01,AME,100.7,101.38,99.01,99.85,1046619,-0.85,-0.84409,100.235
2020-10-02,AME,98.15,101.68,98.04,100.78,715461,2.63,2.68,99.6625
2020-10-05,AME,101.94,103.97,101.76,103.5,864700,1.56,1.53,102.7925
2020-10-06,AME,103.5,105.87,103.22,104.33,1221200,0.83,0.80193,104.23
2020-10-07,AME,105.63,107.28,105.32,106.54,1284726,0.91,0.8615,106.1925
2020-10-08,AME,107.01,107.01,105.73,106.5,1295100,-0.51,-0.47659,106.5625
2020-10-09,AME,107.5,108.63,106.78,106.94,840019,-0.56,-0.52093,107.4625
2020-10-12,AME,107.81,107.92,106.8,107.63,1004833,-0.18,-0.16696,107.54
2020-10-13,AME,107.41,107.95,105.48,106.16,636215,-1.25,-1.16,106.75
2020-10-14,AME,106.87,108.37,105.81,107.9,778927,1.03,0.96379,107.2375
2020-10-15,AME,106.4,109.07,106.4,109.01,661000,2.61,2.45,107.72
2020-10-16,AME,109.46,110.82,108.81,109.85,1475830,0.39,0.35629,109.735
2020-10-19,AME,109.95,110.48,107.34,107.55,692036,-2.4,-2.18,108.83
2020-10-20,AME,108.23,109.81,107.97,108.7,543541,0.47,0.43426,108.6775
2020-10-21,AME,108.64,109.42,107.13,107.15,1088000,-1.49,-1.37,108.085
2020-10-22,AME,107.58,108.24,106.85,107.01,1198500,-0.57,-0.52984,107.42
2020-10-23,AME,107.97,108.08,106.89,107.76,882724,-0.21,-0.1945,107.675
2020-10-26,AME,106.34,106.49,104.12,105.1,910700,-1.24,-1.17,105.5125
2020-10-27,AME,105.05,105.05,102.42,102.59,820400,-2.46,-2.34,103.7775
2020-10-28,AME,100.45,101.38,98.06,98.19,1287900,-2.26,-2.25,99.52
2020-10-29,AME,98.25,100.88,97.51,98.91,1191224,0.66,0.67176,98.8875
2020-10-30,AME,98.52,99.25,96.86,98.2,981942,-0.32,-0.32481,98.2075
2020-11-02,AME,99.81,102.3,99.71,102.27,1178700,2.46,2.46,101.0225
2020-11-03,AME,103.63,105.8,103.17,105.29,1122217,1.66,1.6,104.4725
2020-11-04,AME,104.52,106.39,103.07,105.39,1094045,0.87,0.83238,104.8425
2020-11-05,AME,106.86,109.5,106.45,109.05,881000,2.19,2.05,107.965
2020-11-06,AME,109.18,110.7,108.86,110.32,942400,1.14,1.04,109.765
2020-11-09,AME,117.07,118.95,113.93,114.07,1610436,-3.0,-2.56,116.005
2020-11-10,AME,114.34,117.43,113.78,116.45,1620027,2.11,1.85,115.5
2020-11-11,AME,117.0,117.55,116.06,116.76,1143900,-0.24,-0.20513,116.8425
2020-11-12,AME,116.28,116.95,114.78,115.45,872700,-0.83,-0.71379,115.865
2020-11-13,AME,116.66,117.51,115.75,117.27,829113,0.61,0.52289,116.7975
2020-11-16,AME,118.86,120.34,118.4,120.08,1256121,1.22,1.03,119.42
2020-11-17,AME,119.38,119.9,118.44,118.76,1058000,-0.62,-0.51935,119.12
2020-11-18,AME,119.21,120.35,118.25,119.24,1009548,0.03,0.02516567,119.2625
2020-11-19,AME,118.97,119.29,117.13,118.18,1048336,-0.79,-0.66403,118.3925
2020-11-20,AME,118.3,118.36,116.52,117.42,862149,-0.88,-0.74387,117.65
2020-11-23,AME,118.48,118.9,117.35,117.79,817700,-0.69,-0.58238,118.13
2020-11-24,AME,118.9,121.69,117.56,121.25,1679400,2.35,1.98,119.85
2020-11-25,AME,120.59,120.67,118.95,119.82,681635,-0.77,-0.63853,120.0075
2020-11-27,AME,120.1,120.35,119.18,119.77,423000,-0.33,-0.27477,119.85
2020-11-30,AME,119.72,119.81,117.54,118.53,964434,-1.19,-0.99399,118.9
2020-12-01,AME,119.54,120.08,117.15,117.24,1241900,-2.3,-1.92,118.5025
2020-12-02,AME,116.61,117.21,114.51,115.02,1380105,-1.59,-1.36,115.8375
2020-12-03,AME,114.82,116.02,114.24,114.43,927100,-0.39,-0.33966,114.8775
2020-12-04,AME,114.48,117.41,114.48,116.84,858616,2.36,2.06,115.8025
2020-12-07,AME,117.23,117.87,116.71,117.61,725500,0.38,0.32415,117.355
2020-12-08,AME,116.91,119.23,116.91,118.57,1130600,1.66,1.42,117.905
2020-12-09,AME,118.84,119.3,118.19,118.76,849933,-0.08,-0.0673174,118.7725
2020-12-10,AME,118.11,119.07,117.24,118.35,880600,0.24,0.2032,118.1925
2020-12-11,AME,117.01,118.54,116.8,118.38,1045448,1.37,1.17,117.6825
2020-12-14,AME,119.48,119.69,116.24,116.3,763500,-3.18,-2.66,117.9275
2020-12-15,AME,117.53,118.59,116.22,117.79,754800,0.26,0.22122,117.5325
2020-12-16,AME,117.9,118.13,116.27,116.78,660300,-1.12,-0.94996,117.27
2020-12-17,AME,117.27,117.78,116.84,117.63,789200,0.36,0.30698,117.38
2020-12-18,AME,117.61,118.53,116.98,118.1,1914286,0.49,0.41663,117.805
2020-12-21,AME,115.93,118.59,114.63,118.11,756404,2.18,1.88,116.815
2020-12-22,AME,118.32,118.57,117.24,117.66,560205,-0.66,-0.55781,117.9475
2020-12-23,AME,118.25,119.44,117.53,118.62,454000,0.37,0.3129,118.46
2020-12-24,AME,118.64,119.32,118.0,119.04,188500,0.4,0.33715,118.75
2020-12-28,AME,120.14,120.9,119.62,119.76,371204,-0.38,-0.3163,120.105
2020-12-29,AME,120.34,120.34,117.66,118.66,392220,-1.68,-1.4,119.25
2020-12-30,AME,119.08,120.35,119.06,119.83,437029,0.75,0.62983,119.58
2020-12-31,AME,120.1,121.07,118.82,120.94,638700,0.84,0.69942,120.2325
2021-01-04,AME,121.1,122.33,117.71,118.38,1154500,-2.72,-2.25,119.88
2021-01-05,AME,117.92,119.91,117.92,119.2,837400,1.28,1.09,118.7375
2021-01-06,AME,120.46,125.26,120.46,124.25,848402,3.79,3.15,122.6075
2021-01-07,AME,124.96,125.81,123.43,124.4,734929,-0.56,-0.44814,124.65
2021-01-08,AME,125.03,125.32,122.05,123.54,675300,-1.49,-1.19,123.985
2021-01-11,AME,122.01,124.93,121.92,124.15,640000,2.14,1.75,123.2525
2021-01-12,AME,124.07,124.83,123.3,124.12,640141,0.05,0.04029983,124.08
2021-01-13,AME,123.89,123.98,121.34,121.44,660822,-2.45,-1.98,122.6625
2021-01-14,AME,121.61,121.84,120.02,120.72,679715,-0.89,-0.73185,121.0475
2021-01-15,AME,119.72,119.72,116.9,119.0,1241955,-0.72,-0.6014,118.835
2021-01-19,AME,120.19,121.07,118.46,118.95,814900,-1.24,-1.03,119.6675
2021-01-20,AME,119.37,120.67,118.65,120.11,731600,0.74,0.61992,119.7
2021-01-21,AME,120.27,121.52,119.28,119.48,758141,-0.79,-0.65686,120.1375
2021-01-22,AME,119.0,119.65,116.91,117.35,974829,-1.65,-1.39,118.2275
2021-01-25,AME,116.6,117.0,114.43,116.35,1041800,-0.25,-0.21441,116.095
2021-01-26,AME,117.16,117.42,113.24,113.3,930300,-3.86,-3.29,115.28
2021-01-27,AME,111.7,112.01,106.96,111.06,2026178,-0.64,-0.57296,110.4325
2021-01-28,AME,112.49,116.0,111.75,114.78,1323800,2.29,2.04,113.755
2021-01-29,AME,113.77,115.39,112.53,113.26,1505541,-0.51,-0.44827,113.7375
2021-02-01,AME,114.0,115.11,112.69,114.88,1177000,0.88,0.77193,114.17
2021-02-02,AME,116.44,117.16,115.63,116.49,836517,0.05,0.04294057,116.43
2021-02-03,AME,116.15,116.78,115.42,116.53,956114,0.38,0.32716,116.22
2021-02-04,AME,117.52,119.57,115.67,117.15,2128954,-0.37,-0.31484,117.4775
2021-02-05,AME,117.41,118.8,116.85,117.0,2011100,-0.41,-0.3492,117.515
2021-02-08,AME,117.84,120.12,117.68,119.89,1291210,2.05,1.74,118.8825
2021-02-09,AME,120.0,122.11,119.48,120.91,1397100,0.91,0.75833,120.625
2021-02-10,AME,121.35,121.35,119.68,120.48,983100,-0.87,-0.71693,120.715
2021-02-11,AME,121.53,122.0,120.0,121.65,739045,0.12,0.09874105,121.295
2021-02-12,AME,121.07,122.02,120.39,121.75,630844,0.68,0.56166,121.3075
2021-02-16,AME,122.48,122.6,120.62,121.23,632127,-1.25,-1.02,121.7325
2021-02-17,AME,120.63,121.26,119.63,120.21,848559,-0.42,-0.34817,120.4325
2021-02-18,AME,119.73,119.93,117.96,118.95,810300,-0.78,-0.65147,119.1425
2021-02-19,AME,119.78,122.3,119.39,120.86,863604,1.08,0.90165,120.5825
2021-02-22,AME,120.25,120.88,119.0,120.14,762748,-0.11,-0.09147609,120.0675
2021-02-23,AME,119.61,120.55,118.07,119.94,1300700,0.33,0.2759,119.5425
2021-02-24,AME,120.52,123.7,119.92,123.01,816012,2.49,2.07,121.7875
2021-02-25,AME,123.13,123.85,119.68,120.3,859505,-2.83,-2.3,121.74
2021-02-26,AME,120.92,120.92,117.8,117.97,1426100,-2.95,-2.44,119.4025
2021-03-01,AME,119.53,123.06,119.53,122.28,828428,2.75,2.3,121.1
2021-03-02,AME,122.53,122.95,121.82,122.39,717300,-0.14,-0.11426,122.4225
2021-03-03,AME,122.02,124.0,121.81,122.48,839218,0.46,0.37699,122.5775
2021-03-04,AME,122.27,123.11,118.41,120.39,862200,-1.88,-1.54,121.045
2021-03-05,AME,121.48,122.76,118.86,122.25,982634,0.77,0.63385,121.3375
2021-03-08,AME,123.31,125.78,122.05,123.48,1490600,0.17,0.13786,123.655
2021-03-09,AME,124.24,124.46,120.62,120.63,1435642,-3.61,-2.91,122.4875
2021-03-10,AME,121.13,124.02,120.24,123.72,1565139,2.59,2.14,122.2775
2021-03-11,AME,123.69,124.69,121.69,121.91,1245300,-1.78,-1.44,122.995
2021-03-12,AME,122.04,122.1,120.41,121.57,1075700,-0.47,-0.38512,121.53
2021-03-15,AME,121.29,122.85,119.75,122.78,1096700,1.49,1.23,121.6675
2021-03-16,AME,123.55,124.11,120.74,120.84,610000,-2.71,-2.19,122.31
2021-03-17,AME,120.76,123.17,120.2,121.71,868319,0.95,0.78668,121.46
2021-03-18,AME,121.44,124.0,121.25,121.67,827233,0.23,0.18939,122.09
2021-03-19,AME,121.13,122.41,120.11,120.76,1226600,-0.37,-0.30546,121.1025
2021-03-22,AME,120.92,123.27,120.25,122.89,1457051,1.97,1.63,121.8325
2021-03-23,AME,122.34,124.72,121.13,121.67,1205132,-0.67,-0.54765,122.465
2021-03-24,AME,122.21,124.52,122.02,122.81,932925,0.6,0.49096,122.89
2021-03-25,AME,123.11,123.24,120.64,123.05,1254829,-0.06,-0.0487369,122.51
2021-03-26,AME,124.0,127.52,122.84,127.32,1045806,3.32,2.68,125.42
2021-03-29,AME,126.51,128.84,126.06,128.21,1354800,1.7,1.34,127.405
2021-03-30,AME,127.96,129.13,127.14,127.44,1011900,-0.52,-0.40638,127.9175
2021-03-31,AME,127.79,128.95,126.28,127.73,1247900,-0.06,-0.04695203,127.6875
2021-04-01,AME,128.33,128.99,127.0,128.66,701000,0.33,0.25715,128.245
2021-04-05,AME,129.78,130.79,128.83,130.71,738047,0.93,0.7166,130.0275
2021-04-06,AME,130.61,131.79,129.37,129.79,947300,-0.82,-0.62782,130.39
2021-04-07,AME,129.66,130.11,128.65,129.55,555322,-0.11,-0.08483727,129.4925
2021-04-08,AME,129.03,131.09,128.43,130.32,1945913,1.29,0.99977,129.7175
2021-04-09,AME,130.92,131.48,130.09,131.29,865000,0.37,0.28262,130.945
2021-04-12,AME,131.33,133.1,131.33,132.99,784147,1.66,1.26,132.1875
2021-04-13,AME,132.38,132.59,130.98,131.86,1022200,-0.52,-0.39281,131.9525
2021-04-14,AME,132.39,132.6,131.01,131.11,707039,-1.28,-0.96684,131.7775
2021-04-15,AME,131.48,133.95,131.48,133.15,1006000,1.67,1.27,132.515
2021-04-16,AME,134.33,134.8,132.29,132.85,1456900,-1.48,-1.1,133.5675
2021-04-19,AME,133.0,133.28,130.91,132.12,727528,-0.88,-0.66165,132.3275
2021-04-20,AME,131.5,132.22,130.13,130.89,723400,-0.61,-0.46388,131.185
2021-04-21,AME,131.05,133.17,130.67,133.09,624941,2.04,1.56,131.995
2021-04-22,AME,133.64,134.24,132.93,133.53,946300,-0.11,-0.08231069,133.585
2021-04-23,AME,133.79,135.61,133.51,135.01,540900,1.22,0.91188,134.48
2021-04-26,AME,135.28,136.04,134.44,134.69,768003,-0.59,-0.43613,135.1125
2021-04-27,AME,134.92,135.35,133.64,135.1,543000,0.18,0.13341,134.7525
2021-04-28,AME,134.97,136.05,134.46,135.07,737100,0.1,0.07409054,135.1375
2021-04-29,AME,136.08,137.84,135.2,137.09,948000,1.01,0.74221,136.5525
2021-04-30,AME,135.86,136.28,134.56,134.93,882011,-0.93,-0.68453,135.4075
2021-05-03,AME,136.1,136.1,133.86,134.31,1104216,-1.79,-1.32,135.0925
2021-05-04,AME,133.82,136.89,133.13,136.03,1462200,2.21,1.65,134.9675
2021-05-05,AME,136.94,137.4,134.95,136.88,1381234,-0.06,-0.04381481,136.5425
2021-05-06,AME,136.21,137.29,134.69,135.84,1509200,-0.37,-0.27164,136.0075
2021-05-07,AME,135.39,138.06,134.79,137.33,1545437,1.94,1.43,136.3925
2021-05-10,AME,137.8,139.07,136.92,137.09,886020,-0.71,-0.51524,137.72
2021-05-11,AME,135.67,136.42,134.15,136.14,1333769,0.47,0.34643,135.595
2021-05-12,AME,135.78,135.86,130.47,130.84,1660800,-4.94,-3.64,133.2375
2021-05-13,AME,131.53,133.99,131.16,133.42,856400,1.89,1.44,132.525
2021-05-14,AME,134.23,134.87,133.75,134.34,716937,0.11,0.08194889,134.2975
2021-05-17,AME,133.73,134.42,132.17,133.94,713228,0.21,0.15703,133.565
2021-05-18,AME,133.84,134.31,132.02,132.08,786733,-1.76,-1.32,133.0625
2021-05-19,AME,130.4,131.66,129.67,131.53,911931,1.13,0.86656,130.815
2021-05-20,AME,132.4,132.57,131.32,132.38,715516,-0.02,-0.01510574,132.1675
2021-05-21,AME,133.02,133.86,131.98,132.85,1615011,-0.17,-0.1278,132.9275
2021-05-24,AME,133.59,134.21,132.62,133.69,1077600,0.1,0.0748559,133.5275
2021-05-25,AME,133.88,134.53,132.97,133.12,787005,-0.76,-0.56767,133.625
2021-05-26,AME,133.13,133.63,132.07,133.49,561900,0.36,0.27041,133.08
2021-05-27,AME,134.61,134.96,134.17,134.38,853600,-0.23,-0.17086,134.53
2021-05-28,AME,135.12,135.57,134.02,135.1,875447,-0.02,-0.01480166,134.9525
2021-06-01,AME,136.33,136.95,135.18,135.77,728100,-0.56,-0.41077,136.0575
2021-06-02,AME,135.6,136.86,135.06,135.87,1205900,0.27,0.19912,135.8475
2021-06-03,AME,135.21,137.57,134.68,136.83,1094425,1.62,1.2,136.0725
2021-06-04,AME,137.34,137.94,136.9,137.7,999726,0.36,0.26212,137.47
2021-06-07,AME,138.06,138.1,135.81,136.68,724300,-1.38,-0.99957,137.1625
2021-06-08,AME,136.99,137.4,135.74,136.71,584677,-0.28,-0.20439,136.71
2021-06-09,AME,136.43,136.45,135.41,135.71,567723,-0.72,-0.52774,136.0
2021-06-10,AME,136.27,137.0,135.5,136.35,718100,0.08,0.05870698,136.28
2021-06-11,AME,137.0,137.41,135.57,135.86,673130,-1.14,-0.83212,136.46
2021-06-14,AME,135.46,136.26,134.84,136.18,553600,0.72,0.53152,135.685
2021-06-15,AME,136.21,137.54,135.57,137.16,548237,0.95,0.69745,136.62
2021-06-16,AME,137.16,137.62,135.34,135.4,720915,-1.76,-1.28,136.38
2021-06-17,AME,135.82,136.12,132.97,133.99,870307,-1.83,-1.35,134.725
2021-06-18,AME,132.11,133.0,130.57,130.65,1545136,-1.46,-1.11,131.5825
2021-06-21,AME,132.07,133.91,131.56,133.72,779200,1.65,1.25,132.815
2021-06-22,AME,133.86,134.24,133.11,133.62,662818,-0.24,-0.17929,133.7075
2021-06-23,AME,133.97,134.19,132.86,133.28,594800,-0.69,-0.51504,133.575
2021-06-24,AME,134.04,134.26,132.84,133.63,758518,-0.41,-0.30588,133.6925
2021-06-25,AME,133.72,134.51,133.61,133.65,1042300,-0.07,-0.05234819,133.8725
2021-06-28,AME,133.81,133.91,132.21,133.23,1307942,-0.58,-0.43345,133.29
2021-06-29,AME,133.77,134.54,132.85,132.98,648600,-0.79,-0.59057,133.535
2021-06-30,AME,132.78,133.7,132.61,133.5,709300,0.72,0.54225,133.1475
2021-07-01,AME,134.38,134.69,133.48,133.94,607800,-0.44,-0.32743,134.1225
2021-07-02,AME,133.96,135.17,133.53,134.94,775808,0.98,0.73156,134.4
2021-07-06,AME,134.54,134.72,131.57,133.0,1240041,-1.54,-1.14,133.4575
2021-07-07,AME,132.87,135.57,132.6,135.28,980600,2.41,1.81,134.08
2021-07-08,AME,133.1,134.29,131.67,133.03,900911,-0.07,-0.05259204,133.0225
2021-07-09,AME,134.77,135.96,134.45,135.47,912300,0.7,0.5194,135.1625
2021-07-12,AME,134.58,136.69,134.12,136.3,1111300,1.72,1.28,135.4225
2021-07-13,AME,135.83,136.27,134.72,135.01,722501,-0.82,-0.6037,135.4575
2021-07-14,AME,135.46,135.71,134.04,134.82,1089900,-0.64,-0.47246,135.0075
2021-07-15,AME,134.0,136.1,134.0,135.73,876631,1.73,1.29,134.9575
2021-07-16,AME,136.04,137.2,135.4,136.23,2951043,0.19,0.13966,136.2175
2021-07-19,AME,134.48,134.48,131.63,133.06,1268836,-1.42,-1.06,133.4125
2021-07-20,AME,133.63,137.3,133.19,136.73,1064824,3.1,2.32,135.2125
2021-07-21,AME,137.5,137.89,136.6,137.02,764000,-0.48,-0.34909,137.2525
2021-07-22,AME,137.25,137.59,135.93,137.17,758637,-0.08,-0.0582878,136.985
2021-07-23,AME,137.99,138.13,136.69,137.83,682700,-0.16,-0.11595,137.66
2021-07-26,AME,137.57,138.38,136.75,137.25,727748,-0.32,-0.23261,137.4875
2021-07-27,AME,136.58,137.84,135.64,137.03,636700,0.45,0.32948,136.7725
2021-07-28,AME,137.3,137.78,135.93,136.87,467200,-0.43,-0.31318,136.97
2021-07-29,AME,138.12,138.84,137.42,138.6,544200,0.48,0.34752,138.245
2021-07-30,AME,138.56,139.69,138.39,139.05,945649,0.49,0.35364,138.9225
2021-08-02,AME,139.4,140.1,137.93,138.23,1013200,-1.17,-0.83931,138.915
2021-08-03,AME,137.88,139.8,137.01,138.77,928818,0.89,0.64549,138.365
2021-08-04,AME,139.14,139.72,136.43,136.72,1085333,-2.42,-1.74,138.0025
2021-08-05,AME,137.47,137.81,136.1,136.9,885800,-0.57,-0.41464,137.07
2021-08-06,AME,137.89,138.04,136.14,136.82,1174220,-1.07,-0.77598,137.2225
2021-08-09,AME,136.92,136.92,135.8,136.05,694700,-0.87,-0.63541,136.4225
2021-08-10,AME,136.1,137.16,136.0,136.8,1237144,0.7,0.51433,136.515
2021-08-11,AME,137.31,137.6,136.63,137.45,1282218,0.14,0.10196,137.2475
2021-08-12,AME,137.56,137.81,136.89,137.25,545712,-0.31,-0.22536,137.3775
2021-08-13,AME,137.2,137.31,136.24,137.24,393300,0.04,0.02915452,136.9975
2021-08-16,AME,137.15,137.67,136.1,137.61,682400,0.46,0.3354,137.1325
2021-08-17,AME,136.9,137.28,135.19,136.27,577043,-0.63,-0.46019,136.41
2021-08-18,AME,135.64,136.47,134.88,135.0,636900,-0.64,-0.47184,135.4975
2021-08-19,AME,133.86,135.45,133.6,134.37,676000,0.51,0.381,134.32
2021-08-20,AME,134.28,135.78,133.87,134.77,584400,0.49,0.36491,134.675
2021-08-23,AME,135.61,136.05,134.94,135.29,503334,-0.32,-0.23597,135.4725
2021-08-24,AME,135.53,136.6,135.49,136.08,423400,0.55,0.40581,135.925
2021-08-25,AME,136.24,136.78,135.38,136.64,713721,0.4,0.2936,136.26
2021-08-26,AME,136.61,136.61,135.82,135.98,458900,-0.63,-0.46117,136.255
2021-08-27,AME,136.55,137.38,136.41,136.84,505100,0.29,0.21238,136.795
2021-08-30,AME,137.52,137.95,136.73,137.12,564100,-0.4,-0.29087,137.33
2021-08-31,AME,137.05,137.22,135.68,135.97,934700,-1.08,-0.78803,136.48
2021-09-01,AME,136.36,136.36,133.9,134.18,1035900,-2.18,-1.6,135.2
2021-09-02,AME,134.77,135.91,134.41,135.81,1238440,1.04,0.77169,135.225
2021-09-03,AME,135.57,135.89,134.84,135.4,697025,-0.17,-0.1254,135.425
2021-09-07,AME,134.58,134.82,133.11,133.13,1419700,-1.45,-1.08,133.91
2021-09-08,AME,132.75,133.17,131.38,132.88,1264400,0.13,0.09792844,132.545
2021-09-09,AME,132.73,133.42,131.5,131.76,1013000,-0.97,-0.73081,132.3525
2021-09-10,AME,132.52,132.78,130.35,130.43,1297200,-2.09,-1.58,131.52
2021-09-13,AME,131.4,131.49,129.06,130.55,1599914,-0.85,-0.64688,130.625
2021-09-14,AME,131.34,131.98,130.14,131.24,1614900,-0.1,-0.07613827,131.175
2021-09-15,AME,131.31,132.68,130.72,131.43,1950100,0.12,0.09138679,131.535
2021-09-16,AME,131.69,132.71,130.33,132.38,1349300,0.69,0.52396,131.7775
2021-09-17,AME,131.65,131.95,130.01,130.14,1617800,-1.51,-1.15,130.9375
2021-09-20,AME,127.77,128.06,126.34,127.76,1867617,-0.01,-0.00782656,127.4825
2021-09-21,AME,128.57,128.58,126.3,127.44,1149600,-1.13,-0.8789,127.7225
2021-09-22,AME,127.95,128.66,127.56,127.84,1183634,-0.11,-0.08597108,128.0025
2021-09-23,AME,128.6,130.05,128.24,129.24,862422,0.64,0.49767,129.0325
2021-09-24,AME,128.7,130.15,128.54,129.61,1124500,0.91,0.70707,129.25
2021-09-27,AME,129.66,131.32,129.5,129.54,960246,-0.12,-0.09254975,130.005
2021-09-28,AME,129.09,129.51,127.07,127.26,929103,-1.83,-1.42,128.2325
2021-09-29,AME,127.7,127.9,126.58,126.83,810526,-0.87,-0.68128,127.2525
2021-09-30,AME,127.21,127.65,123.98,124.01,1171036,-3.2,-2.52,125.7125
2021-10-01,AME,124.44,125.71,122.5,124.96,1749941,0.52,0.41787,124.4025
2021-10-04,AME,124.56,125.28,122.38,123.11,1079600,-1.45,-1.16,123.8325
2021-10-05,AME,123.54,126.1,123.0,125.41,1430718,1.87,1.51,124.5125
2021-10-06,AME,124.0,125.5,122.58,125.45,964000,1.45,1.17,124.3825
2021-10-07,AME,126.56,127.1,125.27,125.52,1378500,-1.04,-0.82174,126.1125
2021-10-08,AME,125.6,126.51,124.93,126.19,924740,0.59,0.46975,125.8075
2021-10-11,AME,126.21,127.0,124.44,124.46,816336,-1.75,-1.39,125.5275
2021-10-12,AME,124.54,125.01,123.07,123.4,1008800,-1.14,-0.91537,124.005
2021-10-13,AME,123.74,124.71,122.9,124.27,745546,0.53,0.42832,123.905
2021-10-14,AME,125.59,128.51,124.96,128.38,1030000,2.79,2.22,126.86
2021-10-15,AME,129.32,130.27,128.16,128.33,925806,-0.99,-0.76554,129.02
2021-10-18,AME,127.27,129.18,127.03,128.97,737900,1.7,1.34,128.1125
2021-10-19,AME,129.65,130.49,129.09,130.14,637236,0.49,0.37794,129.8425
2021-10-20,AME,130.48,131.0,129.56,130.29,700500,-0.19,-0.14562,130.3325
2021-10-21,AME,129.62,130.54,128.39,130.52,820800,0.9,0.69434,129.7675
2021-10-22,AME,131.08,131.78,130.59,131.14,850902,0.06,0.04577357,131.1475
2021-10-25,AME,131.22,131.69,129.47,130.49,712830,-0.73,-0.55632,130.7175
2021-10-26,AME,130.7,131.57,130.2,130.64,555300,-0.06,-0.04590666,130.7775
2021-10-27,AME,130.91,131.23,129.81,129.88,619100,-1.03,-0.7868,130.4575
2021-10-28,AME,130.1,132.13,130.1,131.99,587700,1.89,1.45,131.08
2021-10-29,AME,131.67,133.52,131.22,132.4,1139834,0.73,0.55442,132.2025
2021-11-01,AME,132.53,134.56,132.53,134.05,1813904,1.52,1.15,133.4175
2021-11-02,AME,135.0,140.24,134.26,139.85,2387900,4.85,3.59,137.3375
2021-11-03,AME,140.15,141.2,138.97,141.02,1581100,0.87,0.62076,140.335
2021-11-04,AME,141.76,141.88,139.66,140.4,979107,-1.36,-0.95937,140.925
2021-11-05,AME,141.71,143.22,140.57,140.94,1095649,-0.77,-0.54336,141.61
2021-11-08,AME,142.09,142.5,139.1,139.37,774404,-2.72,-1.91,140.765
2021-11-09,AME,139.3,139.88,138.45,139.36,681700,0.06,0.04307251,139.2475
2021-11-10,AME,139.17,140.01,138.5,139.42,770447,0.25,0.17964,139.275
2021-11-11,AME,139.68,140.09,138.55,138.72,452750,-0.96,-0.68729,139.26
2021-11-12,AME,138.93,140.32,138.29,140.26,575715,1.33,0.95732,139.45
2021-11-15,AME,140.74,140.74,139.37,140.09,703500,-0.65,-0.46184,140.235
2021-11-16,AME,140.28,142.45,140.09,141.41,799146,1.13,0.80553,141.0575
2021-11-17,AME,141.2,141.38,140.14,141.33,965900,0.13,0.09206799,141.0125
2021-11-18,AME,141.77,141.86,140.56,141.08,564100,-0.69,-0.4867,141.3175
2021-11-19,AME,141.43,143.16,140.69,142.48,1289226,1.05,0.74242,141.94
2021-11-22,AME,142.53,143.47,141.94,141.98,718600,-0.55,-0.38588,142.48
2021-11-23,AME,142.62,143.14,141.12,143.11,953800,0.49,0.34357,142.4975
2021-11-24,AME,142.73,143.55,141.8,143.11,908800,0.38,0.26624,142.7975
2021-11-26,AME,140.17,141.14,138.59,139.09,1313609,-1.08,-0.77049,139.7475
2021-11-29,AME,140.18,141.22,139.52,140.01,894700,-0.17,-0.12127,140.2325
2021-11-30,AME,139.12,139.63,136.24,136.5,1714049,-2.62,-1.88,137.8725
2021-12-01,AME,138.82,140.04,135.71,135.8,864048,-3.02,-2.18,137.5925
2021-12-02,AME,136.38,139.82,136.01,138.87,840332,2.49,1.83,137.77
2021-12-03,AME,139.29,140.1,136.99,139.14,1173721,-0.15,-0.10769,138.88
2021-12-06,AME,140.42,140.88,138.56,140.01,803835,-0.41,-0.29198,139.9675
2021-12-07,AME,141.0,142.11,139.84,140.4,703923,-0.6,-0.42553,140.8375
2021-12-08,AME,140.57,141.24,139.21,141.06,626739,0.49,0.34858,140.52
2021-12-09,AME,140.85,141.85,140.3,141.09,849000,0.24,0.17039,141.0225
2021-12-10,AME,141.79,142.84,141.06,142.75,678225,0.96,0.67706,142.11
2021-12-13,AME,142.81,143.49,142.13,142.5,1153078,-0.31,-0.21707,142.7325
2021-12-14,AME,143.22,143.7,140.47,141.14,1022400,-2.08,-1.45,142.1325
2021-12-15,AME,141.6,144.49,140.72,144.28,903700,2.68,1.89,142.7725
2021-12-16,AME,144.93,145.06,142.14,143.85,1122617,-1.08,-0.74519,143.995
2021-12-17,AME,143.15,143.73,139.18,139.83,1836400,-3.32,-2.32,141.4725
2021-12-20,AME,138.56,139.79,136.94,138.99,1285400,0.43,0.31033,138.57
2021-12-21,AME,140.12,141.19,139.02,140.6,671100,0.48,0.34256,140.2325
2021-12-22,AME,140.56,141.69,140.18,141.05,540010,0.49,0.34861,140.87
2021-12-23,AME,141.43,143.28,141.43,142.57,584613,1.14,0.80605,142.1775
2021-12-27,AME,143.33,145.62,142.98,145.33,514342,2.0,1.4,144.315
2021-12-28,AME,145.52,146.64,145.5,146.36,687346,0.84,0.57724,146.005
2021-12-29,AME,146.51,148.07,146.17,147.41,454613,0.9,0.61429,147.04
2021-12-30,AME,147.73,147.91,146.37,146.47,353600,-1.26,-0.85291,147.12
2021-12-31,AME,146.35,147.78,146.17,147.04,408832,0.69,0.47147,146.835
2022-01-03,AME,147.25,147.4,142.76,143.67,850419,-3.58,-2.43,145.27
2022-01-04,AME,144.5,146.52,143.93,146.09,774007,1.59,1.1,145.26
2022-01-05,AME,146.58,147.52,143.29,143.43,1050998,-3.15,-2.15,145.205
2022-01-06,AME,143.76,146.02,143.21,145.15,761100,1.39,0.96689,144.535
2022-01-07,AME,145.1,145.82,142.32,142.38,834300,-2.72,-1.87,143.905
2022-01-10,AME,141.04,141.37,138.46,140.23,973348,-0.81,-0.57431,140.275
2022-01-11,AME,140.58,142.67,138.6,142.58,883630,2.0,1.42,141.1075
2022-01-12,AME,143.82,145.28,143.03,143.61,828636,-0.21,-0.14602,143.935
2022-01-13,AME,143.97,144.78,142.63,144.06,839900,0.09,0.06251302,143.86
2022-01-14,AME,142.75,143.3,139.63,141.54,938104,-1.21,-0.84764,141.805
2022-01-18,AME,140.06,140.13,137.35,139.56,1036549,-0.5,-0.35699,139.275
2022-01-19,AME,139.93,140.82,138.57,138.84,831717,-1.09,-0.77896,139.54
2022-01-20,AME,139.27,140.62,136.3,136.62,682648,-2.65,-1.9,138.2025
2022-01-21,AME,136.52,137.47,135.18,136.42,1411103,-0.1,-0.07324934,136.3975
2022-01-24,AME,134.64,136.57,131.71,136.33,1232432,1.69,1.26,134.8125
2022-01-25,AME,133.8,135.0,129.94,133.89,1514221,0.09,0.06726457,133.1575
2022-01-26,AME,135.25,137.08,131.71,133.39,1380600,-1.86,-1.38,134.3575
2022-01-27,AME,134.57,135.7,131.79,132.46,953600,-2.11,-1.57,133.63
2022-01-28,AME,132.18,135.14,130.42,134.99,956608,2.81,2.13,133.1825
2022-01-31,AME,134.64,136.92,133.68,136.77,889301,2.13,1.58,135.5025
2022-02-01,AME,136.68,137.36,135.01,137.09,892900,0.41,0.29997,136.535
2022-02-02,AME,137.12,139.81,137.12,139.79,1535040,2.67,1.95,138.46
2022-02-03,AME,134.65,143.48,134.65,138.26,1260127,3.61,2.68,137.76
2022-02-04,AME,138.24,138.24,134.02,134.49,1076202,-3.75,-2.71,136.2475
2022-02-07,AME,134.74,136.28,134.2,135.26,816400,0.52,0.38593,135.12
2022-02-08,AME,135.44,136.42,134.53,135.46,1478733,0.02,0.01476669,135.4625
2022-02-09,AME,137.11,137.32,135.74,136.52,1311835,-0.59,-0.43031,136.6725
2022-02-10,AME,134.67,137.71,134.54,135.49,1373232,0.82,0.6089,135.6025
2022-02-11,AME,135.28,135.28,130.1,130.81,1238517,-4.47,-3.3,132.8675
2022-02-14,AME,130.81,131.29,129.29,130.16,1085200,-0.65,-0.4969,130.3875
2022-02-15,AME,131.38,132.5,130.66,131.41,777740,0.03,0.02283453,131.4875
2022-02-16,AME,130.48,132.21,129.95,131.8,712035,1.32,1.01,131.11
2022-02-17,AME,130.61,130.98,127.84,128.32,1029300,-2.29,-1.75,129.4375
2022-02-18,AME,128.13,129.32,127.5,128.22,777026,0.09,0.07024116,128.2925
2022-02-22,AME,128.01,129.13,126.29,127.44,1105637,-0.57,-0.44528,127.7175
2022-02-23,AME,128.08,128.38,124.65,124.77,1187745,-3.31,-2.58,126.47
2022-02-24,AME,122.58,128.03,121.8,127.61,1196200,5.03,4.1,125.005
2022-02-25,AME,127.42,130.22,127.14,129.87,818043,2.45,1.92,128.6625
2022-02-28,AME,128.56,130.04,128.16,129.79,1211938,1.23,0.95675,129.1375
2022-03-01,AME,129.58,129.92,126.41,127.39,1986100,-2.19,-1.69,128.325
2022-03-02,AME,128.61,131.8,128.46,130.99,878200,2.38,1.85,129.965
2022-03-03,AME,131.6,131.85,129.4,131.05,907224,-0.55,-0.41793,130.975
2022-03-04,AME,129.05,131.3,128.7,130.99,1095100,1.94,1.5,130.01
2022-03-07,AME,131.18,131.49,128.19,129.5,1209300,-1.68,-1.28,130.09
2022-03-08,AME,130.41,132.11,128.81,128.83,1446318,-1.58,-1.21,130.04
2022-03-09,AME,131.01,131.73,130.01,130.51,784840,-0.5,-0.38165,130.815
2022-03-10,AME,128.84,129.19,127.88,128.18,1186220,-0.66,-0.51226,128.5225
2022-03-11,AME,129.06,129.2,126.22,126.34,1126900,-2.72,-2.11,127.705
2022-03-14,AME,127.55,128.15,125.86,127.09,922643,-0.46,-0.36064,127.1625
2022-03-15,AME,127.35,129.77,126.83,129.38,1228427,2.03,1.59,128.3325
2022-03-16,AME,130.25,131.73,129.11,131.38,959411,1.13,0.86756,130.6175
2022-03-17,AME,130.72,133.21,129.98,132.75,796900,2.03,1.55,131.665
2022-03-18,AME,132.02,135.36,130.86,134.76,1372400,2.74,2.08,133.25
2022-03-21,AME,134.66,135.78,133.97,134.69,1122601,0.03,0.02227833,134.775
2022-03-22,AME,135.09,135.82,134.59,134.62,973800,-0.47,-0.34792,135.03
2022-03-23,AME,133.93,134.54,132.41,132.55,866409,-1.38,-1.03,133.3575
2022-03-24,AME,133.17,133.64,132.19,132.5,869722,-0.67,-0.50312,132.875
2022-03-25,AME,132.87,133.61,132.28,133.56,799012,0.69,0.5193,133.08
2022-03-28,AME,133.45,134.05,132.4,133.67,576801,0.22,0.16486,133.3925
2022-03-29,AME,134.71,136.71,134.07,135.97,838737,1.26,0.93534,135.365
2022-03-30,AME,135.54,136.24,135.06,135.43,886100,-0.11,-0.08115685,135.5675
2022-03-31,AME,135.13,136.5,133.14,133.18,1068111,-1.95,-1.44,134.4875
2022-04-01,AME,134.21,134.77,132.62,134.38,795138,0.17,0.12667,133.995
2022-04-04,AME,134.67,134.84,133.05,134.0,880600,-0.67,-0.49751,134.14
2022-04-05,AME,134.0,134.56,131.52,131.79,1212600,-2.21,-1.65,132.9675
2022-04-06,AME,130.41,132.38,130.38,131.93,1026329,1.52,1.17,131.275
2022-04-07,AME,131.56,132.8,130.81,132.3,1024100,0.74,0.56248,131.8675
2022-04-08,AME,132.49,133.66,131.64,131.82,850300,-0.67,-0.5057,132.4025
2022-04-11,AME,131.35,132.4,129.83,129.88,963142,-1.47,-1.12,130.865
2022-04-12,AME,130.35,132.19,128.2,128.69,909800,-1.66,-1.27,129.8575
2022-04-13,AME,128.12,129.94,128.12,129.54,825100,1.42,1.11,128.93
2022-04-14,AME,130.0,130.41,127.05,127.05,2247119,-2.95,-2.27,128.6275
2022-04-18,AME,127.06,128.33,126.35,127.28,581811,0.22,0.17315,127.255
2022-04-19,AME,127.73,130.25,127.59,130.13,783322,2.4,1.88,128.925
2022-04-20,AME,131.44,133.68,131.44,132.11,869911,0.67,0.50974,132.1675
2022-04-21,AME,133.49,133.91,131.67,132.25,837200,-1.24,-0.92891,132.83
2022-04-22,AME,131.41,131.41,127.02,127.17,1211700,-4.24,-3.23,129.2525
2022-04-25,AME,126.97,127.86,124.19,127.65,1106600,0.68,0.53556,126.6675
2022-04-26,AME,127.01,128.14,125.28,125.33,735900,-1.68,-1.32,126.44
2022-04-27,AME,125.31,127.62,125.31,126.38,1046700,1.07,0.85388,126.155
2022-04-28,AME,127.4,128.67,125.6,128.13,1582733,0.73,0.573,127.45
2022-04-29,AME,127.39,129.2,125.99,126.26,1667502,-1.13,-0.88704,127.21
2022-05-02,AME,126.07,127.0,123.37,126.32,2039625,0.25,0.1983,125.69
2022-05-03,AME,124.86,127.0,123.23,124.31,2369000,-0.55,-0.44049,124.85
2022-05-04,AME,124.92,127.38,123.46,127.13,1168837,2.21,1.77,125.7225
2022-05-05,AME,125.92,126.48,121.34,122.17,1278219,-3.75,-2.98,123.9775
2022-05-06,AME,121.24,123.97,118.94,123.13,1779629,1.89,1.56,121.82
2022-05-09,AME,121.81,123.15,120.87,121.84,1684509,0.03,0.02462852,121.9175
2022-05-10,AME,122.99,123.54,120.33,120.89,1555300,-2.1,-1.71,121.9375
2022-05-11,AME,120.83,122.54,119.52,120.44,1350000,-0.39,-0.32277,120.8325
2022-05-12,AME,120.02,121.43,118.28,120.41,1221600,0.39,0.32495,120.035
2022-05-13,AME,121.07,122.49,120.0,121.04,1446402,-0.03,-0.02477905,121.15
2022-05-16,AME,120.45,121.07,118.42,120.27,902100,-0.18,-0.14944,120.0525
2022-05-17,AME,122.08,122.34,120.81,121.45,1282000,-0.63,-0.51606,121.67
2022-05-18,AME,120.57,120.76,116.01,116.37,1458900,-4.2,-3.48,118.4275
2022-05-19,AME,115.13,118.15,114.37,116.71,988200,1.58,1.37,116.09
2022-05-20,AME,117.29,117.57,115.28,117.36,1021942,0.07,0.05968113,116.875
2022-05-23,AME,118.76,119.39,117.25,119.14,889700,0.38,0.31997,118.635
2022-05-24,AME,118.46,118.89,116.43,118.49,760208,0.03,0.025325,118.0675
2022-05-25,AME,118.03,118.48,116.44,118.05,935648,0.02,0.01694484,117.75
2022-05-26,AME,119.32,121.08,119.13,120.44,663400,1.12,0.93865,119.9925
2022-05-27,AME,121.79,122.46,121.23,122.46,613933,0.67,0.55013,121.985
2022-05-31,AME,121.28,122.39,119.61,121.47,1467600,0.19,0.15666,121.1875
2022-06-01,AME,122.06,122.42,119.49,120.43,781000,-1.63,-1.34,121.1
2022-06-02,AME,121.33,123.21,120.26,123.21,900200,1.88,1.55,122.0025
2022-06-03,AME,122.19,122.83,121.79,122.41,1660137,0.22,0.18005,122.305
2022-06-06,AME,123.33,123.57,122.05,122.43,695909,-0.9,-0.72975,122.845
2022-06-07,AME,121.59,123.67,121.21,123.67,1153106,2.08,1.71,122.535
2022-06-08,AME,123.17,123.47,121.58,121.75,683734,-1.42,-1.15,122.4925
2022-06-09,AME,120.61,121.64,118.77,118.82,1220506,-1.79,-1.48,119.96
2022-06-10,AME,117.15,117.64,115.41,115.46,658100,-1.69,-1.44,116.415
2022-06-13,AME,112.96,114.18,111.28,111.71,1606800,-1.25,-1.11,112.5325
2022-06-14,AME,111.93,112.68,110.15,111.34,1372317,-0.59,-0.52712,111.525
2022-06-15,AME,112.36,113.68,110.75,112.28,914400,-0.08,-0.07119972,112.2675
2022-06-16,AME,110.09,110.24,107.82,108.23,1639400,-1.86,-1.69,109.095
2022-06-17,AME,107.84,108.54,106.17,107.14,2074900,-0.7,-0.64911,107.4225
2022-06-21,AME,108.33,108.88,107.45,108.29,885447,-0.04,-0.03692421,108.2375
2022-06-22,AME,106.76,109.69,106.76,108.51,902607,1.75,1.64,107.93
2022-06-23,AME,108.61,109.24,106.97,108.96,959546,0.35,0.32225,108.445
2022-06-24,AME,110.0,113.58,109.84,113.5,1245004,3.5,3.18,111.73
2022-06-27,AME,113.89,113.89,112.24,112.71,831534,-1.18,-1.04,113.1825
2022-06-28,AME,113.12,113.71,109.91,110.12,998400,-3.0,-2.65,111.715
2022-06-29,AME,110.43,110.75,108.6,110.54,962711,0.11,0.09961061,110.08
2022-06-30,AME,109.19,110.84,108.45,109.89,1210000,0.7,0.64108,109.5925
2022-07-01,AME,109.8,111.76,109.53,111.46,908208,1.66,1.51,110.6375
2022-07-05,AME,110.19,111.51,108.8,111.4,1069300,1.21,1.1,110.475
2022-07-06,AME,111.94,113.33,110.68,112.34,1036300,0.4,0.35733,112.0725
2022-07-07,AME,112.77,113.65,112.26,113.41,1075400,0.64,0.56753,113.0225
2022-07-08,AME,113.48,113.48,111.54,112.35,809800,-1.13,-0.99577,112.7125
2022-07-11,AME,110.28,112.64,109.85,111.93,945700,1.65,1.5,111.175
2022-07-12,AME,111.71,112.89,109.92,110.26,933400,-1.45,-1.3,111.195
2022-07-13,AME,108.58,110.46,108.26,109.58,780000,1.0,0.92098,109.22
2022-07-14,AME,107.83,109.97,106.98,109.73,1033600,1.9,1.76,108.6275
2022-07-15,AME,111.18,111.75,110.0,111.7,838820,0.52,0.46771,111.1575
2022-07-18,AME,111.94,112.4,108.83,109.1,1016700,-2.84,-2.54,110.5675
2022-07-19,AME,110.32,113.13,109.97,112.9,1321004,2.58,2.34,111.58
2022-07-20,AME,113.15,114.1,112.5,113.82,726100,0.67,0.59213,113.3925
2022-07-21,AME,113.87,115.68,113.36,115.63,692328,1.76,1.55,114.635
2022-07-22,AME,116.14,116.47,114.62,115.33,804600,-0.81,-0.69743,115.64
2022-07-25,AME,115.46,116.16,114.53,115.5,710000,0.04,0.03464403,115.4125
2022-07-26,AME,115.5,116.32,114.84,116.13,751300,0.63,0.54545,115.6975
2022-07-27,AME,116.82,119.14,116.24,118.6,751501,1.78,1.52,117.7
2022-07-28,AME,119.48,120.93,118.13,120.65,808400,1.17,0.97924,119.7975
2022-07-29,AME,120.86,123.76,119.89,123.5,1120505,2.64,2.18,122.0025
2022-08-01,AME,122.53,123.26,121.74,122.38,1498415,-0.15,-0.12242,122.4775
2022-08-02,AME,131.93,131.93,124.36,124.81,1957143,-7.12,-5.4,128.2575
2022-08-03,AME,125.74,126.85,125.34,126.24,1387817,0.5,0.39765,126.0425
2022-08-04,AME,126.37,126.58,125.32,125.38,790842,-0.99,-0.78341,125.9125
2022-08-05,AME,124.56,126.34,124.19,126.25,790300,1.69,1.36,125.335
2022-08-08,AME,127.2,127.34,125.47,125.66,985504,-1.54,-1.21,126.4175
2022-08-09,AME,125.03,125.39,124.08,124.84,775100,-0.19,-0.15196,124.835
2022-08-10,AME,127.23,127.48,126.23,127.06,887216,-0.17,-0.13362,127.0
2022-08-11,AME,128.15,128.89,126.91,127.18,851143,-0.97,-0.75693,127.7825
2022-08-12,AME,127.72,129.36,127.19,129.31,1043219,1.59,1.24,128.395
2022-08-15,AME,128.73,129.71,128.07,129.55,938428,0.82,0.63699,129.015
2022-08-16,AME,128.88,130.85,128.74,130.31,714300,1.43,1.11,129.695
2022-08-17,AME,128.81,130.06,128.38,129.64,741919,0.83,0.64436,129.2225
2022-08-18,AME,129.97,130.6,129.34,130.13,707537,0.16,0.12311,130.01
2022-08-19,AME,129.75,129.75,128.43,128.9,873600,-0.85,-0.65511,129.2075
2022-08-22,AME,127.16,127.61,125.66,126.15,670047,-1.01,-0.79427,126.645
2022-08-23,AME,125.88,126.77,125.38,126.38,751433,0.5,0.3972,126.1025
2022-08-24,AME,126.59,127.15,125.61,126.57,955236,-0.02,-0.01579904,126.48
2022-08-25,AME,127.1,127.36,126.01,127.31,746113,0.21,0.16522,126.945
2022-08-26,AME,127.68,127.68,122.27,122.66,592900,-5.02,-3.93,125.0725
2022-08-29,AME,121.99,122.66,121.29,121.95,476700,-0.04,-0.03278957,121.9725
2022-08-30,AME,122.53,122.79,119.92,120.35,781623,-2.18,-1.78,121.3975
2022-08-31,AME,120.84,121.62,119.91,120.16,1094921,-0.68,-0.56273,120.6325
2022-09-01,AME,119.53,120.5,118.83,120.43,1002343,0.9,0.75295,119.8225
2022-09-02,AME,121.47,122.04,117.34,117.83,1556901,-3.64,-3.0,119.67
2022-09-06,AME,118.04,119.6,116.97,119.51,2036748,1.47,1.25,118.53
2022-09-07,AME,119.69,122.88,119.69,122.63,1282837,2.94,2.46,121.2225
2022-09-08,AME,121.81,124.18,121.38,123.99,1048102,2.18,1.79,122.84
2022-09-09,AME,124.71,126.18,124.39,125.78,1042138,1.07,0.85799,125.265
2022-09-12,AME,125.97,127.37,125.97,126.83,1164330,0.86,0.6827,126.535
2022-09-13,AME,123.91,124.93,122.7,123.25,1163924,-0.66,-0.53264,123.6975
2022-09-14,AME,123.46,124.13,122.04,123.06,921919,-0.4,-0.32399,123.1725
2022-09-15,AME,122.83,123.56,120.97,121.44,960800,-1.39,-1.13,122.2
2022-09-16,AME,120.33,120.33,117.88,118.95,1480200,-1.38,-1.15,119.3725
2022-09-19,AME,118.02,120.65,118.02,120.53,584200,2.51,2.13,119.305
2022-09-20,AME,119.69,119.69,118.09,118.86,573500,-0.83,-0.69346,119.0825
2022-09-21,AME,120.02,120.9,117.5,117.56,551000,-2.46,-2.05,118.995
2022-09-22,AME,117.29,117.79,115.41,115.51,750008,-1.78,-1.52,116.5
2022-09-23,AME,114.91,115.19,112.8,114.43,766300,-0.48,-0.41772,114.3325
2022-09-26,AME,114.27,115.63,113.11,113.67,650500,-0.6,-0.52507,114.17
2022-09-27,AME,114.85,114.85,110.87,111.81,955307,-3.04,-2.65,113.095
2022-09-28,AME,112.9,114.88,112.18,114.36,600401,1.46,1.29,113.58
2022-09-29,AME,113.39,113.57,112.24,113.28,682800,-0.11,-0.09701032,113.12
2022-09-30,AME,113.33,114.94,112.58,113.41,1970200,0.08,0.07059031,113.565
2022-10-03,AME,115.12,118.48,114.61,117.55,1019830,2.43,2.11,116.44
2022-10-04,AME,119.66,121.7,119.47,121.12,1352500,1.46,1.22,120.4875
2022-10-05,AME,119.99,122.24,119.94,121.08,1052000,1.09,0.90841,120.8125
2022-10-06,AME,120.67,121.45,119.25,119.71,1013023,-0.96,-0.79556,120.27
2022-10-07,AME,118.57,118.82,115.66,116.29,940126,-2.28,-1.92,117.335
2022-10-10,AME,117.17,117.28,114.68,115.53,580100,-1.64,-1.4,116.165
2022-10-11,AME,115.18,116.74,114.36,115.06,778403,-0.12,-0.10418,115.335
2022-10-12,AME,115.4,116.13,113.98,113.99,1202709,-1.41,-1.22,114.875
2022-10-13,AME,111.72,116.04,110.96,115.8,1632524,4.08,3.65,113.63
2022-10-14,AME,116.76,117.02,113.13,113.26,1040316,-3.5,-3.0,115.0425
2022-10-17,AME,115.11,117.16,114.95,116.96,1029400,1.85,1.61,116.045
2022-10-18,AME,119.41,120.24,117.61,119.12,1857625,-0.29,-0.24286,119.095
2022-10-19,AME,117.73,118.91,116.79,117.99,1272200,0.26,0.22084,117.855
2022-10-20,AME,117.7,117.81,114.25,115.1,1395746,-2.6,-2.21,116.215
2022-10-21,AME,115.1,119.41,114.36,119.18,1151000,4.08,3.54,117.0125
2022-10-24,AME,119.79,121.17,119.37,120.45,893600,0.66,0.55096,120.195
2022-10-25,AME,120.2,123.46,120.05,123.04,1115601,2.84,2.36,121.6875
2022-10-26,AME,123.97,124.69,122.47,123.74,989500,-0.23,-0.18553,123.7175
2022-10-27,AME,124.61,125.82,124.11,124.62,1025700,0.01,0.00802504,124.79
2022-10-28,AME,125.19,129.49,125.0,129.28,2182649,4.09,3.27,127.24
2022-10-31,AME,129.39,130.77,128.48,129.66,2265132,0.27,0.20867,129.575
2022-11-01,AME,132.45,137.99,129.09,132.03,1914041,-0.42,-0.3171,132.89
2022-11-02,AME,132.17,134.56,129.73,130.09,1372000,-2.08,-1.57,131.6375
2022-11-03,AME,128.97,133.63,128.57,131.72,1204002,2.75,2.13,130.7225
2022-11-04,AME,134.18,135.58,132.14,135.25,1221317,1.07,0.79744,134.2875
2022-11-07,AME,135.43,136.45,134.43,136.4,1611800,0.97,0.71624,135.6775
2022-11-08,AME,136.79,138.33,135.8,137.22,805900,0.43,0.31435,137.035
2022-11-09,AME,136.54,137.62,135.49,135.69,958400,-0.85,-0.62253,136.335
2022-11-10,AME,139.38,141.07,138.78,140.68,1291134,1.3,0.9327,139.9775
2022-11-11,AME,141.23,142.03,138.24,138.85,1386400,-2.38,-1.69,140.0875
2022-11-14,AME,138.18,139.94,137.66,137.78,1093500,-0.4,-0.28948,138.39
2022-11-15,AME,139.46,139.79,137.03,138.58,1166020,-0.88,-0.63101,138.715
2022-11-16,AME,138.58,139.68,137.39,138.57,652700,-0.01,-0.00721605,138.555
2022-11-17,AME,136.89,138.06,135.86,138.03,818189,1.14,0.83279,137.21
2022-11-18,AME,139.41,139.84,137.73,139.32,836939,-0.09,-0.06455778,139.075
2022-11-21,AME,139.42,141.02,138.78,140.48,806700,1.06,0.76029,139.925
2022-11-22,AME,141.4,141.8,140.31,141.64,770100,0.24,0.16973,141.2875
2022-11-23,AME,142.0,142.79,140.57,142.08,457609,0.08,0.05633803,141.86
2022-11-25,AME,142.59,143.07,141.95,142.57,359948,-0.02,-0.01402623,142.545
2022-11-28,AME,141.65,142.0,138.88,139.36,738247,-2.29,-1.62,140.4725
2022-11-29,AME,139.12,139.9,138.21,139.01,781916,-0.11,-0.07906843,139.06
2022-11-30,AME,138.81,142.57,137.8,142.42,1524126,3.61,2.6,140.4
2022-12-01,AME,142.99,143.52,141.62,143.29,1004808,0.3,0.2098,142.855
2022-12-02,AME,141.82,145.03,141.57,144.39,1203702,2.57,1.81,143.2025
2022-12-05,AME,142.7,143.65,142.0,142.08,1105833,-0.62,-0.43448,142.6075
2022-12-06,AME,141.92,141.99,138.82,139.82,734024,-2.1,-1.48,140.6375
2022-12-07,AME,139.85,140.93,139.7,140.48,594700,0.63,0.45048,140.24
2022-12-08,AME,140.88,142.06,140.2,140.76,647500,-0.12,-0.08517888,140.975
2022-12-09,AME,141.01,141.56,139.0,139.11,770233,-1.9,-1.35,140.17
2022-12-12,AME,139.55,142.18,139.55,142.07,1034648,2.52,1.81,140.8375
2022-12-13,AME,145.3,145.79,142.79,143.44,1025420,-1.86,-1.28,144.33
2022-12-14,AME,143.49,144.49,141.38,141.75,853411,-1.74,-1.21,142.7775
2022-12-15,AME,140.0,140.45,137.94,138.25,1064800,-1.75,-1.25,139.16
2022-12-16,AME,136.72,137.52,135.54,136.77,2326746,0.05,0.03657109,136.6375
2022-12-19,AME,136.82,138.06,136.41,136.98,826700,0.16,0.11694,137.0675
2022-12-20,AME,136.94,138.75,136.05,137.75,1029100,0.81,0.5915,137.3725
2022-12-21,AME,138.74,140.49,138.49,140.36,630500,1.62,1.17,139.52
2022-12-22,AME,139.2,139.2,136.37,138.32,700501,-0.88,-0.63218,138.2725
2022-12-23,AME,138.03,139.42,137.77,139.38,412200,1.35,0.97805,138.65
2022-12-27,AME,139.89,140.67,139.22,140.13,447500,0.24,0.17156,139.9775
2022-12-28,AME,140.62,141.48,138.32,138.36,480200,-2.26,-1.61,139.695
2022-12-29,AME,139.16,140.95,139.02,140.37,452745,1.21,0.8695,139.875
2022-12-30,AME,140.0,140.19,138.35,139.72,551117,-0.28,-0.2,139.565
2023-01-03,AME,140.18,140.9,138.65,140.52,1446200,0.34,0.24255,140.0625
2023-01-04,AME,141.31,141.82,139.44,140.85,580917,-0.46,-0.32553,140.855
2023-01-05,AME,139.98,140.37,137.47,137.98,1313241,-2.0,-1.43,138.95
2023-01-06,AME,139.91,144.49,139.57,143.84,960708,3.93,2.81,141.9525
2023-01-09,AME,143.72,146.42,141.82,142.5,1011700,-1.22,-0.84887,143.615
2023-01-10,AME,142.11,143.24,141.82,142.81,424319,0.7,0.49258,142.495
2023-01-11,AME,143.69,145.5,142.9,145.48,816341,1.79,1.25,144.3925
2023-01-12,AME,146.39,146.39,144.73,145.55,545300,-0.84,-0.57381,145.765
2023-01-13,AME,144.66,146.82,144.66,146.13,622723,1.47,1.02,145.5675
2023-01-17,AME,146.61,147.01,144.47,144.63,1190503,-1.98,-1.35,145.68
2023-01-18,AME,144.62,144.92,140.82,141.42,939642,-3.2,-2.21,142.945
2023-01-19,AME,141.0,141.75,138.44,139.03,1381920,-1.97,-1.4,140.055
2023-01-20,AME,139.92,142.65,138.67,142.5,1058334,2.58,1.84,140.935
2023-01-23,AME,142.77,143.47,141.64,143.05,885000,0.28,0.19612,142.7325
2023-01-24,AME,140.8,144.47,140.78,144.06,918443,3.26,2.32,142.5275
2023-01-25,AME,142.65,143.26,141.46,142.8,1145230,0.15,0.10515,142.5425
2023-01-26,AME,143.87,144.3,141.73,143.55,927000,-0.32,-0.22242,143.3625
2023-01-27,AME,142.67,144.42,142.26,143.9,967900,1.23,0.86213,143.3125
2023-01-30,AME,143.17,143.76,141.99,142.31,798400,-0.86,-0.60068,142.8075
2023-01-31,AME,142.93,145.02,142.07,144.92,1020600,1.99,1.39,143.735
2023-02-01,AME,144.63,146.04,142.37,145.15,1842000,0.52,0.35954,144.5475
2023-02-02,AME,145.5,146.14,143.03,144.52,1912626,-0.98,-0.67354,144.7975
2023-02-03,AME,144.0,146.65,143.73,146.38,1301942,2.38,1.65,145.19
2023-02-06,AME,145.72,148.06,145.72,147.09,1833327,1.37,0.94016,146.6475
2023-02-07,AME,145.8,147.06,144.02,146.74,1056824,0.94,0.64472,145.905
2023-02-08,AME,146.55,146.74,144.7,144.97,832123,-1.58,-1.08,145.74
2023-02-09,AME,146.17,146.83,143.91,144.36,725600,-1.81,-1.24,145.3175
2023-02-10,AME,144.33,145.28,144.0,144.69,879200,0.36,0.24943,144.575
2023-02-13,AME,144.95,146.62,144.63,145.83,1146235,0.88,0.60711,145.5075
2023-02-14,AME,145.13,146.0,143.56,144.37,1074300,-0.76,-0.52367,144.765
2023-02-15,AME,143.97,146.25,143.83,146.2,648063,2.23,1.55,145.0625
2023-02-16,AME,144.4,145.5,144.34,144.55,609400,0.15,0.10388,144.6975
2023-02-17,AME,144.32,146.87,143.93,146.49,853828,2.17,1.5,145.4025
2023-02-21,AME,145.01,145.7,142.53,143.0,712559,-2.01,-1.39,144.06
2023-02-22,AME,143.75,144.18,141.91,142.34,1033500,-1.41,-0.98087,143.045
2023-02-23,AME,141.94,143.29,140.51,142.77,1100700,0.83,0.58475,142.1275
2023-02-24,AME,141.25,141.67,140.06,140.94,1115531,-0.31,-0.21947,140.98
2023-02-27,AME,142.23,142.56,140.82,141.35,1128923,-0.88,-0.61872,141.74
2023-02-28,AME,141.34,142.67,141.01,141.56,1046500,0.22,0.15565,141.645
2023-03-01,AME,140.93,142.32,140.93,141.65,733600,0.72,0.51089,141.4575
2023-03-02,AME,140.96,142.65,140.46,142.34,782702,1.38,0.979,141.6025
2023-03-03,AME,143.62,144.13,142.15,143.93,589500,0.31,0.21585,143.4575
2023-03-06,AME,143.74,144.73,143.03,143.4,647016,-0.34,-0.23654,143.725
2023-03-07,AME,143.56,143.56,140.04,140.08,876100,-3.48,-2.42,141.81
2023-03-08,AME,140.15,141.15,139.47,140.77,1145200,0.62,0.44238,140.385
2023-03-09,AME,141.34,141.66,138.1,138.94,1620443,-2.4,-1.7,140.01
2023-03-10,AME,139.11,139.49,135.08,135.72,891701,-3.39,-2.44,137.35
2023-03-13,AME,134.41,136.81,133.3,135.35,1091400,0.94,0.69935,134.9675
2023-03-14,AME,137.64,138.8,136.22,138.51,1274008,0.87,0.63208,137.7925
2023-03-15,AME,135.76,135.81,131.52,134.0,1619200,-1.76,-1.3,134.2725
2023-03-16,AME,133.29,136.48,132.92,135.84,1194700,2.55,1.91,134.6325
2023-03-17,AME,136.07,136.07,133.16,134.99,1856032,-1.08,-0.79371,135.0725
2023-03-20,AME,136.24,138.58,134.99,138.54,1240779,2.3,1.69,137.0875
2023-03-21,AME,140.35,140.85,138.73,140.07,960400,-0.28,-0.1995,140.0
2023-03-22,AME,139.98,141.6,138.23,138.46,1039300,-1.52,-1.09,139.5675
2023-03-23,AME,138.24,139.85,136.79,138.35,1271244,0.11,0.07957176,138.3075
2023-03-24,AME,136.77,139.37,135.85,139.32,1053900,2.55,1.86,137.8275
2023-03-27,AME,140.28,140.91,139.29,139.79,784300,-0.49,-0.3493,140.0675
2023-03-28,AME,139.95,141.22,139.37,141.14,673921,1.19,0.8503,140.42
2023-03-29,AME,142.0,142.46,141.16,142.24,799206,0.24,0.16901,141.965
2023-03-30,AME,143.52,143.97,142.14,142.83,585238,-0.69,-0.48077,143.115
2023-03-31,AME,143.51,145.51,143.07,145.33,1159745,1.82,1.27,144.355
2023-04-03,AME,144.44,145.43,143.36,144.25,1104510,-0.19,-0.13154,144.37
2023-04-04,AME,144.06,144.13,138.92,139.06,964400,-5.0,-3.47,141.5425
2023-04-05,AME,138.06,138.51,134.4,135.67,1605913,-2.39,-1.73,136.66
2023-04-06,AME,135.24,136.45,134.5,135.25,1175833,0.01,0.00739426,135.36
2023-04-10,AME,134.31,136.81,133.88,136.78,924300,2.47,1.84,135.445
2023-04-11,AME,137.05,137.7,136.67,137.02,1109404,-0.03,-0.02188982,137.11
2023-04-12,AME,138.0,139.02,137.71,138.53,1232300,0.53,0.38406,138.315
2023-04-13,AME,138.55,138.58,135.96,138.45,1142200,-0.1,-0.07217611,137.885
2023-04-14,AME,138.4,140.05,137.68,138.35,828105,-0.05,-0.03612717,138.62
2023-04-17,AME,138.67,139.5,138.02,139.22,999900,0.55,0.39663,138.8525
2023-04-18,AME,139.89,140.34,138.71,139.25,839832,-0.64,-0.4575,139.5475
2023-04-19,AME,139.24,139.27,137.3,137.57,827020,-1.67,-1.2,138.345
2023-04-20,AME,136.83,137.98,136.3,137.97,888800,1.14,0.83315,137.27
2023-04-21,AME,138.32,138.32,136.65,137.58,850400,-0.74,-0.53499,137.7175
2023-04-24,AME,137.52,138.26,137.21,137.72,642946,0.2,0.14543,137.6775
2023-04-25,AME,137.45,137.85,135.84,135.92,1065000,-1.53,-1.11,136.765
2023-04-26,AME,134.56,135.99,133.12,133.74,1149400,-0.82,-0.60939,134.3525
2023-04-27,AME,134.42,137.42,133.77,137.37,1393826,2.95,2.19,135.745
2023-04-28,AME,136.89,138.3,136.64,137.93,1412938,1.04,0.75973,137.44
2023-05-01,AME,137.92,140.03,137.73,139.34,1509344,1.42,1.03,138.755
2023-05-02,AME,141.23,146.37,140.81,145.6,2050800,4.37,3.09,143.5025
2023-05-03,AME,146.16,147.88,144.43,144.58,1026806,-1.58,-1.08,145.7625
2023-05-04,AME,144.5,144.79,142.4,142.92,1463039,-1.58,-1.09,143.6525
2023-05-05,AME,144.11,145.23,143.49,145.02,717600,0.91,0.63146,144.4625
2023-05-08,AME,145.47,145.61,143.95,145.02,630900,-0.45,-0.30934,145.0125
2023-05-09,AME,144.62,145.3,144.01,144.41,601300,-0.21,-0.14521,144.585
2023-05-10,AME,145.67,146.3,142.72,144.68,756407,-0.99,-0.67962,144.8425
2023-05-11,AME,144.14,144.14,142.66,143.76,720800,-0.38,-0.26363,143.675
2023-05-12,AME,145.03,145.51,143.99,145.42,957500,0.39,0.26891,144.9875
2023-05-15,AME,145.82,146.53,145.2,146.34,1012232,0.52,0.3566,145.9725
2023-05-16,AME,145.7,146.0,143.85,144.56,1083900,-1.14,-0.78243,145.0275
2023-05-17,AME,145.45,146.74,144.73,145.93,910400,0.48,0.33001,145.7125
2023-05-18,AME,146.27,148.28,145.44,147.79,856352,1.52,1.04,146.945
2023-05-19,AME,149.11,149.47,146.98,147.57,880500,-1.54,-1.03,148.2825
2023-05-22,AME,147.85,148.97,147.2,147.93,731000,0.08,0.05410889,147.9875
2023-05-23,AME,146.88,147.67,145.96,145.97,912019,-0.91,-0.61955,146.62
2023-05-24,AME,145.44,145.64,143.73,144.26,952500,-1.18,-0.81133,144.7675
2023-05-25,AME,144.82,146.23,144.32,145.73,811900,0.91,0.62837,145.275
2023-05-26,AME,146.06,148.34,145.99,148.22,725938,2.16,1.48,147.1525
2023-05-30,AME,148.07,148.9,147.38,147.53,622912,-0.54,-0.36469,147.97
2023-05-31,AME,146.88,147.12,144.61,145.07,1734802,-1.81,-1.23,145.92
2023-06-01,AME,145.63,146.95,144.67,146.95,838200,1.32,0.90641,146.05
2023-06-02,AME,148.4,151.2,147.86,150.68,821806,2.28,1.54,149.535
2023-06-05,AME,150.51,150.71,148.27,148.79,1431569,-1.72,-1.14,149.57
2023-06-06,AME,148.65,150.26,148.23,149.29,1292823,0.64,0.43054,149.1075
2023-06-07,AME,149.64,151.52,148.85,151.13,910206,1.49,0.99572,150.285
2023-06-08,AME,150.81,151.51,150.36,150.41,1198800,-0.4,-0.26523,150.7725
2023-06-09,AME,149.95,150.92,149.25,150.29,774500,0.34,0.22674,150.1025
2023-06-12,AME,150.54,151.54,149.69,151.18,581100,0.64,0.42514,150.7375
2023-06-13,AME,151.18,153.71,151.14,153.47,1162132,2.29,1.51,152.375
2023-06-14,AME,153.86,154.48,152.48,153.6,934900,-0.26,-0.16898,153.605
2023-06-15,AME,153.41,156.91,153.28,156.7,1115921,3.29,2.14,155.075
2023-06-16,AME,158.61,158.61,155.67,155.91,1750309,-2.7,-1.7,157.2
2023-06-20,AME,154.78,155.85,154.41,155.34,815800,0.56,0.3618,155.095
2023-06-21,AME,154.87,156.97,153.91,156.57,820720,1.7,1.1,155.58
2023-06-22,AME,156.55,157.04,155.36,156.03,930307,-0.52,-0.33216,156.245
2023-06-23,AME,154.75,157.11,154.35,156.06,1112400,1.31,0.84653,155.5675
2023-06-26,AME,156.35,158.16,156.22,157.38,963005,1.03,0.65878,157.0275
2023-06-27,AME,157.67,159.86,157.22,159.58,797900,1.91,1.21,158.5825
2023-06-28,AME,159.41,159.59,158.33,158.78,653100,-0.63,-0.39521,159.0275
2023-06-29,AME,158.57,160.54,158.03,160.14,689015,1.57,0.9901,159.32
2023-06-30,AME,161.19,162.69,160.35,161.88,1035500,0.69,0.42807,161.5275
2023-07-03,AME,160.68,161.35,159.13,160.81,374740,0.13,0.08090615,160.4925
2023-07-05,AME,157.93,159.6,157.6,158.45,789800,0.52,0.32926,158.395
2023-07-06,AME,157.44,157.61,156.17,156.76,1061500,-0.68,-0.43191,156.995
2023-07-07,AME,156.28,157.81,155.81,157.08,1090847,0.8,0.5119,156.745
2023-07-10,AME,157.27,158.91,156.9,157.52,1783836,0.25,0.15896,157.65
2023-07-11,AME,157.9,158.25,156.29,157.56,1064700,-0.34,-0.21533,157.5
2023-07-12,AME,158.61,158.69,157.14,157.51,1386615,-1.1,-0.69352,157.9875
2023-07-13,AME,157.78,158.43,156.71,158.27,909810,0.49,0.31056,157.7975
2023-07-14,AME,158.09,159.0,156.79,157.54,705823,-0.55,-0.3479,157.855
2023-07-17,AME,157.49,158.5,156.89,157.9,715118,0.41,0.26033,157.695
2023-07-18,AME,157.74,159.3,157.74,158.87,812532,1.13,0.71637,158.4125
2023-07-19,AME,157.92,158.57,156.21,157.48,889000,-0.44,-0.27862,157.545
2023-07-20,AME,158.11,158.42,156.82,158.09,723048,-0.02,-0.01264942,157.86
2023-07-21,AME,158.17,158.64,157.46,157.53,645017,-0.64,-0.40463,157.95
2023-07-24,AME,158.05,158.8,157.51,158.23,616600,0.18,0.11389,158.1475
2023-07-25,AME,157.25,158.88,157.25,158.72,625000,1.47,0.93482,158.025
2023-07-26,AME,157.87,159.44,157.29,158.76,686522,0.89,0.56375,158.34
2023-07-27,AME,159.27,160.0,157.74,157.86,910110,-1.41,-0.88529,158.7175
2023-07-28,AME,158.82,159.36,157.74,158.25,805200,-0.57,-0.3589,158.5425
2023-07-31,AME,158.85,159.28,157.93,158.6,1366000,-0.25,-0.15738,158.665
2023-08-01,AME,157.58,164.75,156.01,159.45,1518300,1.87,1.19,159.4475
2023-08-02,AME,160.77,161.43,158.39,158.69,1020717,-2.08,-1.29,159.82
2023-08-03,AME,158.41,158.92,157.32,157.85,941302,-0.56,-0.35351,158.125
2023-08-04,AME,158.39,158.73,156.16,156.57,606300,-1.82,-1.15,157.4625
2023-08-07,AME,157.58,160.74,157.58,160.6,770100,3.02,1.92,159.125
2023-08-08,AME,160.01,160.76,158.15,160.5,969430,0.49,0.30623,159.855
2023-08-09,AME,160.69,160.69,159.22,159.72,894226,-0.97,-0.60365,160.08
2023-08-10,AME,159.63,161.01,158.48,158.92,721400,-0.71,-0.44478,159.51
2023-08-11,AME,158.88,159.25,157.95,158.22,560420,-0.66,-0.41541,158.575
2023-08-14,AME,158.25,158.69,157.6,158.12,456705,-0.13,-0.0821485,158.165
2023-08-15,AME,157.7,157.73,156.4,156.66,530043,-1.04,-0.65948,157.1225
2023-08-16,AME,156.52,157.82,155.9,156.04,634000,-0.48,-0.30667,156.57
2023-08-17,AME,156.73,156.73,152.55,152.98,1285700,-3.75,-2.39,154.7475
2023-08-18,AME,152.56,154.88,152.52,154.45,1142328,1.89,1.24,153.6025
2023-08-21,AME,154.69,155.01,153.03,154.62,616800,-0.07,-0.04525179,154.3375
2023-08-22,AME,155.42,155.84,154.0,154.69,501512,-0.73,-0.4697,154.9875
2023-08-23,AME,155.61,156.61,154.89,156.29,543730,0.68,0.43699,155.85
2023-08-24,AME,156.36,157.51,154.8,154.87,567740,-1.49,-0.95293,155.885
2023-08-25,AME,155.64,158.13,155.32,157.59,540078,1.95,1.25,156.67
2023-08-28,AME,157.82,159.4,157.82,158.51,418009,0.69,0.43721,158.3875
2023-08-29,AME,158.26,160.52,158.01,159.56,755300,1.3,0.82143,159.0875
2023-08-30,AME,159.97,160.58,159.32,160.29,513912,0.32,0.20004,160.04
2023-08-31,AME,160.25,161.05,159.51,159.51,735607,-0.74,-0.46178,160.08
2023-09-01,AME,160.26,160.93,159.73,160.65,471300,0.39,0.24335,160.3925
2023-09-05,AME,160.77,160.77,157.07,157.12,774900,-3.65,-2.27,158.9325
2023-09-06,AME,157.26,158.44,156.48,157.1,1641343,-0.16,-0.10174,157.32
2023-09-07,AME,156.97,157.91,155.34,156.64,1069540,-0.33,-0.21023,156.715
2023-09-08,AME,156.13,156.62,153.56,153.9,1018925,-2.23,-1.43,155.0525
2023-09-11,AME,154.48,154.94,152.16,153.45,790226,-1.03,-0.66675,153.7575
2023-09-12,AME,152.79,154.01,151.36,151.66,939513,-1.13,-0.73958,152.455
2023-09-13,AME,150.97,152.54,150.85,152.49,1396000,1.52,1.01,151.7125
2023-09-14,AME,153.44,153.86,151.45,152.86,1151317,-0.58,-0.378,152.9025
2023-09-15,AME,151.77,152.7,150.57,151.63,1279650,-0.14,-0.09224484,151.6675
2023-09-18,AME,151.78,154.11,151.6,152.47,969525,0.69,0.45461,152.49
2023-09-19,AME,152.05,153.16,151.46,152.66,1161600,0.61,0.40118,152.3325
2023-09-20,AME,153.33,154.72,151.25,151.41,786800,-1.92,-1.25,152.6775
2023-09-21,AME,151.01,151.57,149.64,151.03,1447732,0.02,0.01324416,150.8125
2023-09-22,AME,150.61,152.57,150.52,151.66,1681140,1.05,0.69716,151.34
2023-09-25,AME,151.06,153.4,151.06,152.51,1527500,1.45,0.95988,152.0075
2023-09-26,AME,151.72,153.03,148.54,149.27,1519438,-2.45,-1.61,150.64
2023-09-27,AME,150.09,150.26,148.0,148.86,1045100,-1.23,-0.81951,149.3025
2023-09-28,AME,148.09,150.36,147.73,148.82,972345,0.73,0.49294,148.75
2023-09-29,AME,149.83,149.92,147.57,147.76,964808,-2.07,-1.38,148.77
2023-10-02,AME,147.72,148.21,146.2,147.42,821322,-0.3,-0.20309,147.3875
2023-10-03,AME,146.6,148.56,146.6,147.96,934100,1.36,0.92769,147.43
2023-10-04,AME,148.23,150.54,147.64,150.12,1055918,1.89,1.28,149.1325
2023-10-05,AME,150.07,150.45,147.7,148.41,883300,-1.66,-1.11,149.1575
2023-10-06,AME,148.05,151.06,147.44,150.22,878432,2.17,1.47,149.1925
2023-10-09,AME,149.68,151.47,149.27,151.32,519100,1.64,1.1,150.435
2023-10-10,AME,151.73,152.7,151.1,151.28,548700,-0.45,-0.29658,151.7025
2023-10-11,AME,151.27,152.58,151.27,152.25,685706,0.98,0.64785,151.8425
2023-10-12,AME,152.25,152.64,150.27,151.12,733400,-1.13,-0.7422,151.57
2023-10-13,AME,151.04,151.41,147.72,148.64,923933,-2.4,-1.59,149.7025
2023-10-16,AME,149.85,151.12,149.55,150.47,608200,0.62,0.41375,150.2475
2023-10-17,AME,149.86,151.18,149.19,149.75,924300,-0.11,-0.07340184,149.995
2023-10-18,AME,148.41,148.41,143.93,143.96,933500,-4.45,-3.0,146.1775
2023-10-19,AME,144.71,146.47,143.23,143.65,1935400,-1.06,-0.7325,144.515
2023-10-20,AME,143.91,144.63,141.43,141.57,1136700,-2.34,-1.63,142.885
2023-10-23,AME,141.54,142.57,140.66,140.86,862607,-0.68,-0.48043,141.4075
2023-10-24,AME,142.27,142.27,140.32,140.97,745400,-1.3,-0.91376,141.4575
2023-10-25,AME,140.55,141.1,139.05,139.66,825927,-0.89,-0.63323,140.09
2023-10-26,AME,141.4,141.91,139.69,139.84,810616,-1.56,-1.1,140.71
2023-10-27,AME,139.54,140.66,138.86,139.22,818700,-0.32,-0.22932,139.57
2023-10-30,AME,140.25,140.63,138.6,140.12,1335585,-0.13,-0.09269162,139.9
2023-10-31,AME,136.89,143.41,136.89,140.77,1428608,3.88,2.83,139.49
2023-11-01,AME,141.84,142.96,140.86,142.4,1284700,0.56,0.39481,142.015
2023-11-02,AME,143.41,143.97,141.26,143.7,1208928,0.29,0.20222,143.085
2023-11-03,AME,145.33,145.92,143.56,143.7,1034700,-1.63,-1.12,144.6275
2023-11-06,AME,143.68,143.92,142.44,143.46,768600,-0.22,-0.15312,143.375
2023-11-07,AME,142.49,146.65,141.65,146.5,1858100,4.01,2.81,144.3225
2023-11-08,AME,147.15,148.67,146.52,147.9,1519400,0.75,0.50968,147.56
2023-11-09,AME,148.87,149.46,147.12,147.46,1403539,-1.41,-0.94714,148.2275
2023-11-10,AME,148.8,151.25,148.35,150.8,1233600,2.0,1.34,149.8
2023-11-13,AME,150.27,151.76,150.04,151.38,1193128,1.11,0.73867,150.8625
2023-11-14,AME,153.32,155.2,152.4,154.73,1365200,1.41,0.91965,153.9125
2023-11-15,AME,154.68,155.19,152.73,153.1,1471602,-1.58,-1.02,153.925
2023-11-16,AME,153.58,154.81,153.1,153.97,1122539,0.39,0.25394,153.865
2023-11-17,AME,154.57,155.82,154.21,155.66,1107800,1.09,0.70518,155.065
2023-11-20,AME,155.85,155.85,154.19,154.81,696413,-1.04,-0.66731,155.175
2023-11-21,AME,154.54,155.74,154.27,155.4,585400,0.86,0.55649,154.9875
2023-11-22,AME,155.61,156.06,154.96,155.65,494200,0.04,0.02570529,155.57
2023-11-24,AME,156.07,156.4,155.5,156.18,248528,0.11,0.07048119,156.0375
2023-11-27,AME,154.9,154.9,153.58,154.06,813600,-0.84,-0.54229,154.36
2023-11-28,AME,153.52,154.4,152.45,152.53,555100,-0.99,-0.64487,153.225
2023-11-29,AME,153.68,154.08,152.43,152.88,710138,-0.8,-0.52056,153.2675
2023-11-30,AME,153.62,155.39,152.51,155.23,1477100,1.61,1.05,154.1875
2023-12-01,AME,155.55,157.37,154.81,157.05,691000,1.5,0.96432,156.195
2023-12-04,AME,156.17,157.32,155.57,157.29,1394500,1.12,0.71717,156.5875
2023-12-05,AME,156.96,156.96,155.31,155.5,657231,-1.46,-0.93017,156.1825
2023-12-06,AME,156.5,157.55,155.78,156.48,1080446,-0.02,-0.01277955,156.5775
2023-12-07,AME,156.21,156.29,154.69,155.91,1028500,-0.3,-0.19205,155.775
2023-12-08,AME,156.44,157.69,156.34,157.16,1256021,0.72,0.46024,156.9075
2023-12-11,AME,157.97,159.39,157.63,157.73,1612406,-0.24,-0.15193,158.18
2023-12-12,AME,158.14,161.99,157.68,161.34,1358801,3.2,2.02,159.7875
2023-12-13,AME,161.8,162.08,159.61,161.49,1290801,-0.31,-0.19159,161.245
2023-12-14,AME,162.72,164.55,162.02,164.07,1444000,1.35,0.82965,163.34
2023-12-15,AME,163.17,164.55,162.4,163.13,1451300,-0.04,-0.02451431,163.3125
2023-12-18,AME,163.4,163.59,162.09,163.25,571700,-0.15,-0.09179927,163.0825
2023-12-19,AME,163.98,164.16,162.79,163.39,717300,-0.59,-0.3598,163.58
2023-12-20,AME,162.7,164.47,161.72,161.82,720332,-0.88,-0.54087,162.6775
2023-12-21,AME,162.64,163.79,162.07,163.69,500400,1.05,0.6456,163.0475
2023-12-22,AME,164.39,165.04,163.57,164.2,413600,-0.19,-0.11558,164.3
2023-12-26,AME,164.49,165.26,164.32,164.9,577000,0.41,0.24926,164.7425
2023-12-27,AME,164.7,165.11,164.1,164.54,664646,-0.16,-0.09714633,164.6125
2023-12-28,AME,164.58,165.42,164.27,165.12,501526,0.54,0.32811,164.8475
2023-12-29,AME,164.92,165.52,164.21,164.89,560800,-0.03,-0.01819064,164.885
2024-01-02,AME,163.76,164.58,161.95,162.87,798500,-0.89,-0.54348,163.29
2024-01-03,AME,162.58,162.58,160.03,160.6,1033700,-1.98,-1.22,161.4475
2024-01-04,AME,161.14,161.81,160.35,160.48,697906,-0.66,-0.40958,160.945
2024-01-05,AME,159.98,160.94,159.28,160.74,554102,0.76,0.47506,160.235
2024-01-08,AME,160.85,162.06,159.93,161.88,638500,1.03,0.64035,161.18
2024-01-09,AME,161.4,163.2,160.11,163.0,822400,1.6,0.99133,161.9275
2024-01-10,AME,163.2,163.84,162.11,163.68,638304,0.48,0.29412,163.2075
2024-01-11,AME,165.0,165.49,162.85,163.93,631900,-1.07,-0.64848,164.3175
2024-01-12,AME,164.92,165.0,162.78,163.44,801000,-1.48,-0.8974,164.035
2024-01-16,AME,163.21,163.76,161.44,163.61,1040700,0.4,0.24508,163.005
2024-01-17,AME,162.65,163.46,159.99,160.07,1011500,-2.58,-1.59,161.5425
2024-01-18,AME,160.3,162.46,160.0,162.31,1013849,2.01,1.25,161.2675
2024-01-19,AME,162.59,162.92,161.47,162.03,1304400,-0.56,-0.34442,162.2525
2024-01-22,AME,162.78,163.95,162.29,163.16,1300400,0.38,0.23344,163.045
2024-01-23,AME,163.64,165.26,162.43,165.12,970307,1.48,0.90442,164.1125
2024-01-24,AME,166.36,166.65,162.5,162.74,802600,-3.62,-2.18,164.5625
2024-01-25,AME,164.06,164.52,163.15,164.12,584700,0.06,0.03657199,163.9625
2024-01-26,AME,164.66,164.97,163.32,163.52,426948,-1.14,-0.69234,164.1175
2024-01-29,AME,162.77,165.37,162.71,165.33,982200,2.56,1.57,164.045
2024-01-30,AME,165.14,166.64,164.51,165.87,855611,0.73,0.44205,165.54
2024-01-31,AME,165.76,165.76,161.93,162.05,1043907,-3.71,-2.24,163.875
2024-02-01,AME,163.51,165.9,162.36,165.87,1206800,2.36,1.44,164.41
2024-02-02,AME,165.35,168.54,164.66,167.44,1301000,2.09,1.26,166.4975
2024-02-05,AME,166.09,167.58,164.78,166.99,1396374,0.9,0.54187,166.36
2024-02-06,AME,167.96,167.96,163.79,166.08,1559300,-1.88,-1.12,166.4475
2024-02-07,AME,166.67,168.64,166.12,166.73,1098415,0.06,0.03599928,167.04
2024-02-08,AME,167.6,167.83,165.55,166.3,976437,-1.3,-0.77566,166.82
2024-02-09,AME,166.41,168.61,166.41,168.5,814739,2.09,1.26,167.4825
2024-02-12,AME,168.8,169.3,167.63,168.42,882241,-0.38,-0.22512,168.5375
2024-02-13,AME,166.44,168.13,164.62,168.04,1969340,1.6,0.96131,166.8075
2024-02-14,AME,168.79,173.79,168.5,173.41,2079300,4.62,2.74,171.1225
2024-02-15,AME,174.21,174.94,171.35,173.74,1526000,-0.47,-0.26979,173.56
2024-02-16,AME,173.65,175.0,173.32,173.89,1016400,0.24,0.13821,173.965
2024-02-20,AME,172.99,175.37,172.51,174.81,1311749,1.82,1.05,173.92
2024-02-21,AME,174.75,175.66,173.24,174.8,847001,0.05,0.0286123,174.6125
2024-02-22,AME,176.4,178.67,176.28,178.21,835300,1.81,1.03,177.39
2024-02-23,AME,178.79,179.23,177.03,178.2,964726,-0.59,-0.33,178.3125
2024-02-26,AME,178.28,180.12,177.77,178.89,1163500,0.61,0.34216,178.765
2024-02-27,AME,179.28,179.54,176.69,177.77,781100,-1.51,-0.84226,178.32
2024-02-28,AME,178.0,179.67,177.31,178.72,544800,0.72,0.40449,178.425
2024-02-29,AME,178.81,180.74,178.24,180.18,1819626,1.37,0.76618,179.4925
2024-03-01,AME,180.11,181.41,179.54,180.68,1534781,0.57,0.31647,180.435
2024-03-04,AME,181.12,182.17,180.68,181.1,850200,-0.02,-0.0110424,181.2675
2024-03-05,AME,180.67,180.85,178.41,179.45,630000,-1.22,-0.67526,179.845
2024-03-06,AME,180.17,181.28,179.59,180.36,819831,0.19,0.10546,180.35
2024-03-07,AME,181.37,182.21,180.72,181.58,620400,0.21,0.11579,181.47
2024-03-08,AME,181.79,182.72,181.09,181.44,648139,-0.35,-0.19253,181.76
2024-03-11,AME,180.8,181.31,178.92,180.86,582600,0.06,0.03318584,180.4725
2024-03-12,AME,180.91,182.35,180.33,181.83,696900,0.92,0.50854,181.355
2024-03-13,AME,181.82,182.22,180.66,181.53,1182765,-0.29,-0.1595,181.5575
2024-03-14,AME,182.07,182.38,180.81,181.62,664408,-0.45,-0.24716,181.72
2024-03-15,AME,180.34,182.97,180.34,181.52,1255205,1.18,0.65432,181.2925
2024-03-18,AME,182.33,183.71,182.0,182.08,699814,-0.25,-0.13711,182.53
2024-03-19,AME,181.8,182.82,181.43,181.93,963700,0.13,0.07150715,181.995
2024-03-20,AME,182.27,184.21,181.4,184.2,1022018,1.93,1.06,183.02
2024-03-21,AME,184.56,186.33,182.73,184.91,1051610,0.35,0.18964,184.6325
2024-03-22,AME,185.03,185.83,182.76,183.15,780317,-1.88,-1.02,184.1925
2024-03-25,AME,183.15,183.38,182.4,182.76,652718,-0.39,-0.21294,182.9225
2024-03-26,AME,182.0,183.25,181.53,181.67,752400,-0.33,-0.18132,182.1125
2024-03-27,AME,182.17,184.22,181.79,183.72,670828,1.55,0.85085,182.975
2024-03-28,AME,183.51,183.89,182.56,182.9,1043545,-0.61,-0.33241,183.215
2024-04-01,AME,182.99,183.0,180.31,180.46,772505,-2.53,-1.38,181.69
2024-04-02,AME,180.73,181.52,179.79,180.37,921900,-0.36,-0.19919,180.6025
2024-04-03,AME,180.38,182.5,180.38,181.11,739600,0.73,0.4047,181.0925
2024-04-04,AME,182.36,182.85,179.0,179.34,845500,-3.02,-1.66,180.8875
2024-04-05,AME,180.64,182.66,179.79,182.22,763735,1.58,0.87467,181.3275
2024-04-08,AME,182.36,182.99,180.75,180.92,659800,-1.44,-0.78965,181.755
2024-04-09,AME,181.2,181.56,178.82,181.18,749100,-0.02,-0.01103753,180.69
2024-04-10,AME,178.96,181.69,178.04,179.75,1376022,0.79,0.44144,179.61
2024-04-11,AME,179.97,181.35,178.59,180.5,845037,0.53,0.29449,180.1025
2024-04-12,AME,178.63,180.11,178.12,179.71,826319,1.08,0.6046,179.1425
2024-04-15,AME,182.34,182.81,178.55,179.04,919413,-3.3,-1.81,180.685
2024-04-16,AME,178.83,180.54,178.0,179.09,896200,0.26,0.14539,179.115
2024-04-17,AME,179.45,180.03,177.24,178.05,900900,-1.4,-0.78016,178.6925
2024-04-18,AME,179.21,179.6,176.71,177.27,629044,-1.94,-1.08,178.1975
2024-04-19,AME,178.14,178.73,176.77,177.7,806643,-0.44,-0.247,177.835
2024-04-22,AME,178.52,179.33,177.22,177.86,643000,-0.66,-0.36971,178.2325
2024-04-23,AME,179.1,180.41,178.58,179.85,601000,0.75,0.41876,179.485
2024-04-24,AME,180.68,181.14,177.04,178.22,867347,-2.46,-1.36,179.27
2024-04-25,AME,177.13,178.78,176.37,177.93,998700,0.8,0.45165,177.5525
2024-04-26,AME,178.16,179.01,177.45,177.51,637924,-0.65,-0.36484,178.0325
2024-04-29,AME,177.81,178.46,176.88,177.69,701507,-0.12,-0.06748777,177.71
2024-04-30,AME,177.69,178.08,174.38,174.66,1138334,-3.03,-1.71,176.2025
2024-05-01,AME,174.22,176.22,173.56,173.98,1268000,-0.24,-0.13776,174.495
2024-05-02,AME,170.0,171.13,161.96,163.34,2896067,-6.66,-3.92,166.6075
2024-05-03,AME,163.7,166.88,162.78,166.56,2065100,2.86,1.75,164.98
2024-05-06,AME,167.0,169.23,166.92,168.05,1468645,1.05,0.62874,167.8
2024-05-07,AME,168.21,169.91,168.21,169.58,1008500,1.37,0.81446,168.9775
2024-05-08,AME,169.19,169.84,168.3,169.14,988200,-0.05,-0.02955257,169.1175
2024-05-09,AME,169.28,171.27,168.86,169.9,1266300,0.62,0.36626,169.8275
2024-05-10,AME,171.01,171.57,170.39,170.8,1193700,-0.21,-0.1228,170.9425
2024-05-13,AME,171.26,171.56,169.8,170.1,826734,-1.16,-0.67733,170.68
2024-05-14,AME,170.0,170.95,168.3,168.53,1400220,-1.47,-0.86471,169.445
2024-05-15,AME,169.53,170.98,169.21,169.63,1137072,0.1,0.05898661,169.8375
2024-05-16,AME,169.2,170.08,167.82,167.91,978244,-1.29,-0.76241,168.7525
2024-05-17,AME,168.33,168.33,166.27,166.8,1678600,-1.53,-0.90893,167.4325
2024-05-20,AME,167.08,169.54,166.66,168.6,959900,1.52,0.90974,167.97
2024-05-21,AME,168.14,169.39,167.36,169.13,1044344,0.99,0.5888,168.505
2024-05-22,AME,171.3,174.47,170.55,174.13,1785536,2.83,1.65,172.6125
2024-05-23,AME,175.38,176.06,172.62,172.72,1480440,-2.66,-1.52,174.195
2024-05-24,AME,173.28,173.87,172.66,173.66,1030700,0.38,0.2193,173.3675
2024-05-28,AME,173.7,174.42,168.21,168.31,1211820,-5.39,-3.1,171.16
2024-05-29,AME,167.15,168.59,166.19,166.71,1281800,-0.44,-0.26324,167.16
2024-05-30,AME,166.64,168.24,166.24,167.69,1036828,1.05,0.6301,167.2025
2024-05-31,AME,167.94,169.97,166.09,169.58,2005817,1.64,0.97654,168.395
2024-06-03,AME,170.0,170.26,164.83,166.21,1301902,-3.79,-2.23,167.825
2024-06-04,AME,165.81,166.94,164.51,166.87,970700,1.06,0.63929,166.0325
2024-06-05,AME,167.6,168.71,166.99,168.65,875625,1.06,0.62649,167.9875
2024-06-06,AME,168.72,169.18,167.48,168.69,1222100,-0.03,-0.01778094,168.5175
2024-06-07,AME,168.79,170.5,168.22,170.0,1265400,1.21,0.71687,169.3775
2024-06-10,AME,169.78,173.42,169.78,173.0,1677445,3.22,1.9,171.495
2024-06-11,AME,172.25,172.63,171.32,172.53,1315220,0.28,0.16255,172.1825
2024-06-12,AME,174.21,176.06,173.18,173.71,1172000,-0.5,-0.28701,174.29
2024-06-13,AME,174.27,174.86,172.53,173.92,811129,-0.35,-0.20084,173.895
2024-06-14,AME,171.82,172.05,164.54,167.02,1875900,-4.8,-2.79,168.8575
2024-06-17,AME,166.24,169.03,165.79,168.52,1486904,2.28,1.37,167.395
2024-06-18,AME,168.35,171.09,167.58,170.9,1660935,2.55,1.51,169.48
2024-06-20,AME,170.44,170.75,168.3,168.52,1248400,-1.92,-1.13,169.5025
2024-06-21,AME,169.08,169.74,166.35,168.67,1601100,-0.41,-0.24249,168.46
2024-06-24,AME,169.57,172.0,168.79,171.46,1132800,1.89,1.11,170.455
2024-06-25,AME,170.96,171.23,167.69,168.72,687930,-2.24,-1.31,169.65
2024-06-26,AME,168.0,168.0,166.41,166.58,761520,-1.42,-0.84524,167.2475
2024-06-27,AME,166.57,167.95,165.9,166.47,1169300,-0.1,-0.06003482,166.7225
2024-06-28,AME,166.81,167.88,165.68,166.71,1750032,-0.1,-0.05994844,166.77
2024-07-01,AME,168.06,168.09,165.2,165.57,953300,-2.49,-1.48,166.73
2024-07-02,AME,165.36,166.51,164.72,166.1,705700,0.74,0.44751,165.6725
2024-07-03,AME,166.62,167.5,166.11,166.3,531345,-0.32,-0.19205,166.6325
2024-07-05,AME,166.4,166.83,164.4,165.65,787832,-0.75,-0.45072,165.82
2024-07-08,AME,166.55,167.49,164.39,164.5,1903703,-2.05,-1.23,165.7325
2024-07-09,AME,165.01,165.61,163.89,164.13,1492700,-0.88,-0.5333,164.66
2024-07-10,AME,164.14,166.18,163.93,165.87,847617,1.73,1.05,165.03
2024-07-11,AME,166.47,170.77,166.07,169.32,1099900,2.85,1.71,168.1575
2024-07-12,AME,170.63,172.13,169.06,169.52,874100,-1.11,-0.65053,170.335
2024-07-15,AME,169.6,172.97,169.12,172.11,1259200,2.51,1.48,170.95
2024-07-16,AME,173.03,177.04,172.51,176.01,1505500,2.98,1.72,174.6475
2024-07-17,AME,175.8,177.37,174.89,175.03,1060200,-0.77,-0.438,175.7725
2024-07-18,AME,174.15,175.52,171.57,171.73,1031432,-2.42,-1.39,173.2425
2024-07-19,AME,173.02,173.02,169.12,169.16,887000,-3.86,-2.23,171.08
2024-07-22,AME,170.83,173.11,169.51,172.97,782700,2.14,1.25,171.605
2024-07-23,AME,172.16,173.43,171.71,171.87,814102,-0.29,-0.16845,172.2925
2024-07-24,AME,171.14,171.23,166.88,166.95,925000,-4.19,-2.45,169.05
2024-07-25,AME,167.29,171.61,166.56,168.52,725700,1.23,0.73525,168.495
2024-07-26,AME,170.62,174.03,169.93,172.27,864601,1.65,0.96706,171.7125
2024-07-29,AME,172.17,173.22,171.56,171.9,882800,-0.27,-0.15682,172.2125
2024-07-30,AME,172.73,174.57,170.96,172.35,878335,-0.38,-0.22,172.6525
2024-07-31,AME,174.55,175.97,173.12,173.48,1143920,-1.07,-0.613,174.28
2024-08-01,AME,165.0,167.0,156.54,159.13,4505942,-5.87,-3.56,161.9175
2024-08-02,AME,157.65,157.65,150.46,152.74,4082230,-4.91,-3.11,154.625
2024-08-05,AME,150.5,156.65,149.03,154.69,3114100,4.19,2.78,152.7175
2024-08-06,AME,155.21,159.61,155.12,156.98,1820500,1.77,1.14,156.73
2024-08-07,AME,158.3,160.25,156.24,156.83,2319300,-1.47,-0.92862,157.905
2024-08-08,AME,157.7,159.32,156.09,158.85,1666832,1.15,0.72923,157.99
2024-08-09,AME,158.82,160.89,156.98,159.52,1812809,0.7,0.44075,159.0525
2024-08-12,AME,160.78,162.57,159.94,160.76,2157300,-0.02,-0.01243936,161.0125
2024-08-13,AME,160.63,162.18,158.87,161.31,1282242,0.68,0.42333,160.7475
2024-08-14,AME,161.16,162.96,160.77,161.48,1008100,0.32,0.19856,161.5925
2024-08-15,AME,163.83,166.32,162.46,163.15,879900,-0.68,-0.41506,163.94
2024-08-16,AME,162.5,163.54,161.74,162.69,1039517,0.19,0.11692,162.6175
2024-08-19,AME,162.95,164.81,162.72,164.67,938911,1.72,1.06,163.7875
2024-08-20,AME,164.84,165.86,164.39,164.86,1031500,0.02,0.01213298,164.9875
2024-08-21,AME,164.89,166.82,164.65,165.89,791400,1.0,0.60646,165.5625
2024-08-22,AME,165.95,167.37,164.96,165.22,1060800,-0.73,-0.43989,165.875
2024-08-23,AME,165.92,167.91,165.51,167.39,999349,1.47,0.88597,166.6825
2024-08-26,AME,168.18,169.58,166.85,168.32,635100,0.14,0.08324414,168.2325
2024-08-27,AME,168.07,168.47,167.19,167.98,686300,-0.09,-0.05354912,167.9275
2024-08-28,AME,169.0,170.86,167.5,168.59,831508,-0.41,-0.2426,168.9875
2024-08-29,AME,169.77,170.87,168.73,169.38,856335,-0.39,-0.22972,169.6875
2024-08-30,AME,169.97,171.37,168.9,171.05,1235645,1.08,0.63541,170.3225
2024-09-03,AME,170.26,171.11,165.97,166.68,1152600,-3.58,-2.1,168.505
2024-09-04,AME,166.21,168.2,165.26,167.49,1107300,1.28,0.77011,166.79
2024-09-05,AME,166.88,167.72,164.47,165.15,1002139,-1.73,-1.04,166.055
2024-09-06,AME,165.43,166.99,163.22,163.64,835941,-1.79,-1.08,164.82
2024-09-09,AME,165.19,165.5,163.5,164.3,1321600,-0.89,-0.53877,164.6225
2024-09-10,AME,165.25,165.25,163.33,164.94,797900,-0.31,-0.18759,164.6925
2024-09-11,AME,164.83,165.52,162.25,165.26,1553400,0.43,0.26087,164.465
2024-09-12,AME,165.19,167.84,163.89,166.89,1106541,1.7,1.03,165.9525
2024-09-13,AME,167.64,169.08,167.1,167.51,920600,-0.13,-0.07754712,167.8325
2024-09-16,AME,168.64,169.54,167.41,168.35,839640,-0.29,-0.17196,168.485
2024-09-17,AME,168.91,170.88,168.27,168.57,853107,-0.34,-0.20129,169.1575
2024-09-18,AME,169.5,171.55,168.09,169.43,1211442,-0.07,-0.04129794,169.6425
2024-09-19,AME,172.7,172.7,169.93,172.25,866425,-0.45,-0.26057,171.895
2024-09-20,AME,171.27,171.39,170.02,171.1,1237500,-0.17,-0.09925848,170.945
2024-09-23,AME,171.51,172.75,170.47,171.09,641800,-0.42,-0.24488,171.455
2024-09-24,AME,171.69,171.69,169.82,170.54,1408900,-1.15,-0.66981,170.935
2024-09-25,AME,171.73,172.76,170.92,171.25,1672425,-0.48,-0.27951,171.665
2024-09-26,AME,173.0,173.5,170.78,171.97,1789097,-1.03,-0.59538,172.3125
2024-09-27,AME,172.56,173.87,171.31,172.07,1183400,-0.49,-0.28396,172.4525
2024-09-30,AME,171.7,172.3,169.5,171.71,1017931,0.01,0.00582411,171.3025
2024-10-01,AME,171.93,172.27,168.98,169.1,1869917,-2.83,-1.65,170.57
2024-10-02,AME,168.46,169.38,167.29,168.2,2644523,-0.26,-0.15434,168.3325
2024-10-03,AME,167.59,169.24,166.17,169.1,2126000,1.51,0.90101,168.025
2024-10-04,AME,170.81,170.93,168.77,170.11,718400,-0.7,-0.40981,170.155
2024-10-07,AME,166.24,167.71,165.39,166.54,1891229,0.3,0.18046,166.47
2024-10-08,AME,167.14,167.77,166.26,166.92,1127420,-0.22,-0.13163,167.0225
2024-10-09,AME,167.69,169.08,167.3,168.82,887600,1.13,0.67386,168.2225
2024-10-10,AME,167.63,169.15,166.95,168.9,793737,1.27,0.75762,168.1575
2024-10-11,AME,169.04,171.58,169.04,170.39,1171300,1.35,0.79863,170.0125
2024-10-14,AME,170.75,171.71,170.22,171.57,2034202,0.82,0.48023,171.0625
2024-10-15,AME,171.96,173.12,169.04,169.38,1160600,-2.58,-1.5,170.875
2024-10-16,AME,169.38,170.38,168.8,169.71,1505406,0.33,0.19483,169.5675
2024-10-17,AME,170.64,170.92,168.63,169.68,1223211,-0.96,-0.56259,169.9675
2024-10-18,AME,170.21,170.73,168.8,169.4,719148,-0.81,-0.47588,169.785
2024-10-21,AME,169.94,170.64,168.76,169.36,858600,-0.58,-0.3413,169.675
2024-10-22,AME,168.42,168.87,167.09,168.38,678200,-0.04,-0.02375015,168.19
2024-10-23,AME,167.57,168.64,165.89,166.67,772200,-0.9,-0.53709,167.1925
2024-10-24,AME,166.81,167.59,165.42,166.58,1096702,-0.23,-0.13788,166.6
2024-10-25,AME,167.83,168.19,166.51,166.96,603943,-0.87,-0.51838,167.3725
2024-10-28,AME,168.46,169.03,167.77,168.05,1044809,-0.41,-0.24338,168.3275
2024-10-29,AME,167.38,168.32,165.74,167.49,915639,0.11,0.06571872,167.2325
2024-10-30,AME,167.11,168.96,166.65,168.91,1557615,1.8,1.08,167.9075
2024-10-31,AME,179.62,184.17,178.7,183.34,2562036,3.72,2.07,181.4575
2024-11-01,AME,182.61,183.48,177.96,178.43,1962659,-4.18,-2.29,180.62
2024-11-04,AME,179.68,181.01,178.61,179.92,959800,0.24,0.13357,179.805
2024-11-05,AME,179.77,182.28,179.58,182.02,1227838,2.25,1.25,180.9125
2024-11-06,AME,188.69,192.2,187.47,190.32,2384100,1.63,0.86385,189.67
2024-11-07,AME,190.49,191.18,188.75,188.95,832300,-1.54,-0.80844,189.8425
2024-11-08,AME,189.13,191.45,188.76,190.92,832913,1.79,0.94644,190.065
2024-11-11,AME,192.01,193.04,190.36,191.57,1228500,-0.44,-0.22915,191.745
2024-11-12,AME,192.04,194.27,190.68,194.0,1867655,1.96,1.02,192.7475
2024-11-13,AME,193.56,196.7,192.41,195.42,1429718,1.86,0.96094,194.5225
2024-11-14,AME,193.91,195.43,192.01,193.75,1122335,-0.16,-0.08251251,193.775
2024-11-15,AME,193.3,194.64,192.46,193.1,2148706,-0.2,-0.10347,193.375
2024-11-18,AME,193.29,193.32,192.12,193.24,818800,-0.045,-0.02586787,192.9925
2024-11-19,AME,191.1,193.5,191.0,193.46,1321008,2.36,1.23,192.265
2024-11-20,AME,194.06,194.06,191.3,193.33,1003348,-0.73,-0.37617,193.1875
2024-11-21,AME,194.44,195.97,193.01,195.76,1136313,1.32,0.67887,194.795
2024-11-22,AME,195.95,197.83,194.58,197.38,1052805,1.43,0.72978,196.435
2024-11-25,AME,198.0,198.33,196.26,197.12,1526537,-0.88,-0.44444,197.4275
2024-11-26,AME,197.15,197.15,195.19,197.02,1285019,-0.13,-0.06593964,196.6275
2024-11-27,AME,197.28,197.38,195.06,195.1,748542,-2.18,-1.11,196.205
2024-11-29,AME,195.45,196.02,194.38,194.38,1098721,-1.07,-0.54745,195.0575
2024-12-02,AME,195.45,196.4,194.37,195.56,1093100,0.11,0.05628038,195.445
2024-12-03,AME,195.45,195.9,193.32,194.33,1717945,-1.12,-0.57304,194.75
2024-12-04,AME,193.96,195.51,193.44,195.0,890928,1.04,0.53619,194.4775
2024-12-05,AME,195.0,196.15,193.73,193.96,1390822,-1.04,-0.53333,194.71
2024-12-06,AME,193.72,195.38,191.14,191.54,995700,-2.18,-1.13,192.945
2024-12-09,AME,191.4,192.61,189.51,189.89,1027948,-1.51,-0.78892,190.8525
2024-12-10,AME,190.01,190.83,187.63,188.6,1044300,-1.41,-0.74207,189.2675
2024-12-11,AME,190.42,190.97,188.25,188.66,662600,-1.76,-0.92427,189.575
2024-12-12,AME,189.02,189.92,188.25,188.45,774316,-0.57,-0.30156,188.91
2024-12-13,AME,188.8,189.6,187.2,187.38,827104,-1.42,-0.75212,188.245
2024-12-16,AME,190.46,191.06,189.07,189.38,1122445,-1.08,-0.56705,189.9925
2024-12-17,AME,189.78,190.44,186.32,186.71,1217235,-3.07,-1.62,188.3125
2024-12-18,AME,187.28,187.76,180.63,180.76,962569,-6.52,-3.48,184.1075
2024-12-19,AME,182.36,183.05,181.04,182.11,1423396,-0.25,-0.13709,182.14
2024-12-20,AME,182.12,184.45,181.39,183.36,2334800,1.24,0.68087,182.83
2024-12-23,AME,182.58,183.13,181.77,182.07,915500,-0.51,-0.27933,182.3875
2024-12-24,AME,181.77,184.05,181.15,184.05,348917,2.28,1.25,182.755
2024-12-26,AME,183.51,184.33,182.8,183.72,594611,0.21,0.11444,183.59
2024-12-27,AME,182.48,183.84,181.44,182.45,524000,-0.03,-0.01644016,182.5525
2024-12-30,AME,180.8,181.51,179.26,180.74,601800,-0.06,-0.03318584,180.5775
2024-12-31,AME,180.82,181.7,179.85,180.26,589400,-0.56,-0.3097,180.6575
2025-01-02,AME,181.96,181.96,177.91,178.33,713800,-3.63,-1.99,180.04
2025-01-03,AME,178.52,180.17,177.57,179.57,540500,1.05,0.58817,178.9575
2025-01-06,AME,180.5,181.67,178.82,179.43,1730800,-1.07,-0.5928,180.105
2025-01-07,AME,179.76,180.62,177.97,178.69,480936,-1.07,-0.59524,179.26
2025-01-08,AME,177.36,178.57,176.26,178.45,645500,1.09,0.61457,177.66
2025-01-10,AME,176.24,177.71,175.36,176.15,1430900,-0.09,-0.05106673,176.365
2025-01-13,AME,174.49,176.71,174.11,176.5,1007300,2.01,1.15,175.4525
2025-01-14,AME,177.9,180.47,177.02,179.15,735030,1.25,0.70264,178.635
2025-01-15,AME,181.84,181.84,179.17,180.06,683213,-1.78,-0.97888,180.7275
2025-01-16,AME,182.0,182.93,180.21,180.86,1698900,-1.14,-0.62637,181.5
2025-01-17,AME,184.5,184.5,180.08,180.73,2612900,-3.77,-2.04,182.4525
2025-01-21,AME,182.21,185.09,180.84,184.7,2766000,2.49,1.37,183.21
2025-01-22,AME,186.19,189.0,185.0,188.7,1832800,2.51,1.35,187.2225
2025-01-23,AME,189.08,191.18,187.8,190.43,1487900,1.35,0.71398,189.6225
2025-01-24,AME,190.2,190.71,187.49,187.98,1314209,-2.22,-1.17,189.095
2025-01-27,AME,186.12,187.98,183.92,184.95,1177125,-1.17,-0.62863,185.7425
2025-01-28,AME,183.93,184.49,181.69,182.89,1030039,-1.04,-0.56543,183.25
2025-01-29,AME,183.37,184.41,182.1,182.52,765000,-0.85,-0.46354,183.1
2025-01-30,AME,183.46,186.94,182.95,186.0,1120413,2.54,1.38,184.8375
2025-01-31,AME,186.07,186.9,184.56,184.56,1117011,-1.51,-0.81152,185.5225
2025-02-03,AME,180.61,184.97,180.07,184.13,2025706,3.52,1.95,182.445
2025-02-04,AME,176.0,183.68,175.64,180.5,3000102,4.5,2.56,178.955
2025-02-05,AME,182.3,182.45,178.69,180.23,2095315,-2.07,-1.14,180.9175
2025-02-06,AME,180.81,182.96,180.23,182.9,1226700,2.09,1.16,181.725
2025-02-07,AME,184.94,186.4,182.9,184.51,1646800,-0.43,-0.23251,184.6875
2025-02-10,AME,185.61,186.53,182.96,185.97,1226437,0.36,0.19396,185.2675
2025-02-11,AME,185.25,186.13,182.92,185.32,1139600,0.07,0.03778677,184.905
2025-02-12,AME,182.93,186.15,181.98,185.5,1394729,2.57,1.4,184.14
2025-02-13,AME,185.58,186.22,183.74,184.43,855300,-1.15,-0.61968,184.9925
2025-02-14,AME,184.11,185.0,182.69,183.54,1041800,-0.57,-0.3096,183.835
2025-02-18,AME,184.46,185.36,182.97,184.36,1104848,-0.1,-0.0542123,184.2875
2025-02-19,AME,183.8,188.9,183.16,188.86,1104200,5.06,2.75,186.18
2025-02-20,AME,188.86,189.29,187.51,188.78,1036217,-0.08,-0.04235942,188.61
2025-02-21,AME,188.4,189.19,184.46,186.19,1202713,-2.21,-1.17,187.06
2025-02-24,AME,186.11,187.82,184.51,185.78,1087547,-0.33,-0.17731,186.055
2025-02-25,AME,185.38,187.89,184.77,186.95,1483200,1.57,0.84691,186.2475
2025-02-26,AME,187.85,190.17,187.22,188.18,1180300,0.33,0.17567,188.355
2025-02-27,AME,188.7,190.25,186.94,187.33,851400,-1.37,-0.72602,188.305
2025-02-28,AME,188.03,190.03,185.91,189.3,2096800,1.27,0.67542,188.3175
2025-03-03,AME,190.17,191.83,185.6,186.55,1108258,-3.62,-1.9,188.5375
2025-03-04,AME,184.11,184.93,181.75,183.33,1605900,-0.78,-0.42366,183.53
2025-03-05,AME,183.81,185.75,183.02,185.04,2119208,1.23,0.66917,184.405
2025-03-06,AME,183.76,184.84,181.18,184.14,1436900,0.38,0.20679,183.48
2025-03-07,AME,182.99,184.5,180.97,183.99,1773300,1.0,0.54648,183.1125
2025-03-10,AME,181.16,183.39,178.58,179.37,1814090,-1.79,-0.98808,180.625
2025-03-11,AME,179.69,179.89,176.68,178.86,1238500,-0.83,-0.46191,178.78
2025-03-12,AME,180.91,181.65,176.62,177.21,943505,-3.7,-2.05,179.0975
2025-03-13,AME,176.6,176.96,172.42,172.91,1721300,-3.69,-2.09,174.7225
2025-03-14,AME,175.41,176.44,173.18,176.14,1336200,0.73,0.41617,175.2925
2025-03-17,AME,175.36,179.89,175.36,178.63,688229,3.27,1.86,177.31
2025-03-18,AME,177.79,178.61,175.62,176.08,895229,-1.71,-0.96181,177.025
2025-03-19,AME,176.36,177.98,175.36,177.07,1052212,0.71,0.40259,176.6925
2025-03-20,AME,175.68,177.4,175.0,175.93,864200,0.25,0.1423,176.0025
2025-03-21,AME,174.44,175.65,172.68,174.52,1422683,0.08,0.04586104,174.3225
2025-03-24,AME,176.57,179.2,176.48,178.82,1676552,2.25,1.27,177.7675
2025-03-25,AME,179.49,180.04,177.94,179.7,1166300,0.21,0.117,179.2925
2025-03-26,AME,178.85,180.34,175.97,176.9,933823,-1.95,-1.09,178.015
2025-03-27,AME,176.8,177.5,174.67,175.56,1586500,-1.24,-0.70136,176.1325
2025-03-28,AME,174.89,175.77,170.02,170.39,1101504,-4.5,-2.57,172.7675
2025-03-31,AME,169.0,172.34,166.95,172.14,1498832,3.14,1.86,170.1075
2025-04-01,AME,171.74,173.08,170.17,171.89,903222,0.15,0.08734133,171.72
2025-04-02,AME,168.87,173.02,168.76,172.72,2488208,3.85,2.28,170.8425
2025-04-03,AME,166.91,167.52,161.02,161.49,1873000,-5.42,-3.25,164.235
2025-04-04,AME,156.41,156.99,151.14,152.66,2753044,-3.75,-2.4,154.3
2025-04-07,AME,149.45,156.63,145.02,153.33,3049700,3.88,2.6,151.1075
2025-04-08,AME,157.26,157.59,148.72,151.41,2260018,-5.85,-3.72,153.745
2025-04-09,AME,149.66,162.37,148.3,161.0,3174853,11.34,7.58,155.3325
2025-04-10,AME,157.79,159.47,153.47,157.42,1688900,-0.37,-0.23449,157.0375
2025-04-11,AME,156.43,159.41,153.53,158.95,2007500,2.52,1.61,157.08
2025-04-14,AME,160.96,162.73,159.59,161.36,1133537,0.4,0.24851,161.16
2025-04-15,AME,161.52,162.77,159.85,160.21,758200,-1.31,-0.81105,161.0875
2025-04-16,AME,158.31,160.99,157.43,158.52,1070100,0.21,0.13265,158.8125
2025-04-17,AME,159.6,160.53,157.42,157.81,1698888,-1.79,-1.12,158.84
2025-04-21,AME,156.0,156.33,153.73,155.25,1075923,-0.75,-0.48077,155.3275
2025-04-22,AME,155.55,159.84,155.55,159.65,1659235,4.1,2.64,157.6475
2025-04-23,AME,164.06,165.25,161.5,162.19,1755400,-1.87,-1.14,163.25
2025-04-24,AME,162.2,167.7,162.19,167.24,1253441,5.04,3.11,164.8325
2025-04-25,AME,166.89,168.0,165.72,166.69,711153,-0.2,-0.11984,166.825
2025-04-28,AME,166.99,168.45,165.07,166.29,955058,-0.7,-0.41919,166.7
2025-04-29,AME,166.18,168.89,165.74,167.8,948503,1.62,0.97485,167.1525
2025-04-30,AME,166.73,169.78,164.85,169.58,1654601,2.85,1.71,167.735
2025-05-01,AME,167.92,169.66,163.2,167.26,1861664,-0.66,-0.39304,167.01
2025-05-02,AME,169.84,170.74,169.26,170.07,1160346,0.23,0.13542,169.9775
2025-05-05,AME,169.12,171.1,169.0,170.27,1476404,1.15,0.67999,169.8725
2025-05-06,AME,168.95,170.12,167.75,167.85,777638,-1.1,-0.65108,168.6675
2025-05-07,AME,169.19,170.45,168.49,169.71,840909,0.52,0.30735,169.46
2025-05-08,AME,170.66,173.72,170.47,171.57,1145000,0.91,0.53322,171.605
2025-05-09,AME,172.2,173.22,170.95,171.75,1257909,-0.45,-0.26132,172.03
2025-05-12,AME,177.58,180.51,176.52,179.38,2214411,1.8,1.01,178.4975
2025-05-13,AME,179.98,182.33,179.98,180.5,1582700,0.52,0.28892,180.6975
2025-05-14,AME,180.17,180.4,178.72,179.36,1254800,-0.81,-0.44958,179.6625
2025-05-15,AME,179.22,180.75,178.79,180.21,1335237,0.99,0.55239,179.7425
2025-05-16,AME,180.86,182.88,180.15,182.75,1167600,1.89,1.05,181.66
2025-05-19,AME,180.93,182.44,180.93,181.88,949446,0.95,0.52506,181.545
2025-05-20,AME,180.46,181.39,180.31,180.8,832800,0.34,0.18841,180.74
2025-05-21,AME,179.43,180.0,177.25,177.68,1270600,-1.75,-0.97531,178.59
2025-05-22,AME,177.0,179.77,175.85,178.54,788900,1.54,0.87006,177.79
2025-05-23,AME,176.13,178.51,175.38,177.64,1108500,1.51,0.85732,176.915
2025-05-27,AME,179.71,180.97,178.0,180.81,1178407,1.1,0.6121,179.8725
2025-05-28,AME,181.32,181.65,178.53,178.97,941800,-2.35,-1.3,180.1175
2025-05-29,AME,179.75,180.56,178.6,180.04,1269931,0.29,0.16134,179.7375
2025-05-30,AME,180.04,180.44,177.87,178.74,2078721,-1.3,-0.72206,179.2725
2025-06-02,AME,177.84,177.84,174.88,176.32,1220814,-1.52,-0.8547,176.72
2025-06-03,AME,176.22,177.89,175.61,177.71,2114844,1.49,0.84553,176.8575
2025-06-04,AME,178.6,178.6,176.84,177.21,1106005,-1.39,-0.77828,177.8125
2025-06-05,AME,178.1,178.59,175.98,176.93,1112300,-1.17,-0.65693,177.4
2025-06-06,AME,178.6,179.35,177.89,178.35,1041040,-0.25,-0.13998,178.5475
2025-06-09,AME,178.75,179.55,178.06,178.64,877214,-0.11,-0.06153846,178.75
2025-06-10,AME,178.81,180.04,178.07,179.87,1154923,1.06,0.59281,179.1975
2025-06-11,AME,179.68,181.73,178.69,180.9,1843721,1.22,0.67898,180.25
2025-06-12,AME,178.91,180.4,178.43,179.97,1042237,1.06,0.59248,179.4275
2025-06-13,AME,177.7,179.02,176.37,176.96,1261501,-0.74,-0.41643,177.5125
2025-06-16,AME,178.71,179.18,177.52,178.63,1450071,-0.08,-0.04476526,178.51
2025-06-17,AME,177.83,178.14,175.07,175.55,967914,-2.28,-1.28,176.6475
2025-06-18,AME,175.51,178.9,175.37,177.76,1332700,2.25,1.28,176.885
2025-06-20,AME,179.59,179.82,176.23,176.69,2794326,-2.9,-1.61,178.0825
2025-06-23,AME,176.18,177.48,174.47,177.28,1461300,1.1,0.62436,176.3525
2025-06-24,AME,177.28,179.4,176.66,179.24,1523752,1.96,1.11,178.145
2025-06-25,AME,179.05,179.12,176.89,178.0,1115916,-1.05,-0.58643,178.265
2025-06-26,AME,178.69,180.83,178.26,179.82,1075000,1.13,0.63238,179.4
2025-06-27,AME,180.44,181.48,179.67,180.53,1601306,0.09,0.04987808,180.53
2025-06-30,AME,180.51,181.46,179.57,180.96,1600800,0.45,0.24929,180.625
2025-07-01,AME,180.18,183.97,179.51,183.06,1094521,2.88,1.6,181.68
2025-07-02,AME,182.4,183.13,181.62,181.99,977700,-0.41,-0.22478,182.285
2025-07-03,AME,183.0,184.37,182.1,184.19,719336,1.19,0.65027,183.415
2025-07-07,AME,183.83,184.04,181.18,182.37,1558838,-1.46,-0.79421,182.855
2025-07-08,AME,182.17,183.2,180.83,181.33,1827300,-0.84,-0.46111,181.8825
2025-07-09,AME,182.83,183.08,180.09,182.28,1168609,-0.55,-0.30083,182.07
2025-07-10,AME,182.21,183.68,181.2,181.44,1152466,-0.77,-0.42259,182.1325
2025-07-11,AME,180.29,181.48,179.78,180.97,839400,0.68,0.37717,180.63
2025-07-14,AME,179.31,179.99,177.58,178.36,1420845,-0.95,-0.52981,178.81
2025-07-15,AME,179.35,179.35,176.33,176.44,1585206,-2.91,-1.62,177.8675
2025-07-16,AME,176.82,177.29,174.43,177.05,1717400,0.23,0.13008,176.3975
2025-07-17,AME,177.22,179.84,176.69,179.7,1241237,2.48,1.4,178.3625
2025-07-18,AME,180.31,180.31,178.1,178.51,1012000,-1.8,-0.99828,179.3075
2025-07-21,AME,178.78,179.79,177.93,178.09,1676100,-0.69,-0.38595,178.6475
2025-07-22,AME,177.67,179.32,177.26,179.2,1088905,1.53,0.86115,178.3625
2025-07-23,AME,181.18,181.67,180.33,181.28,751300,0.1,0.05519373,181.115
2025-07-24,AME,181.35,181.69,179.61,179.72,1545800,-1.63,-0.89881,180.5925
2025-07-25,AME,179.96,180.78,179.02,180.09,1566200,0.13,0.07223828,179.9625
2025-07-28,AME,180.64,180.89,178.6,178.84,1394648,-1.8,-0.99646,179.7425
2025-07-29,AME,179.35,179.79,178.1,178.96,1226791,-0.39,-0.21745191,178.95
