date,symbol,fiscalYear,period,reportedCurrency,marketCap,enterpriseValue,evToSales,evToOperatingCashFlow,evToFreeCashFlow,evToEBITDA,netDebtToEBITDA,currentRatio,incomeQuality,grahamNumber,grahamNetNet,taxBurden,interestBurden,workingCapital,investedCapital,returnOnAssets,operatingReturnOnAssets,returnOnTangibleAssets,returnOnEquity,returnOnInvestedCapital,returnOnCapitalEmployed,earningsYield,freeCashFlowYield,capexToOperatingCashFlow,capexToDepreciation,capexToRevenue,salesGeneralAndAdministrativeToRevenue,researchAndDevelopementToRevenue,stockBasedCompensationToRevenue,intangiblesToTotalAssets,averageReceivables,averagePayables,averageInventory,daysOfSalesOutstanding,daysOfPayablesOutstanding,daysOfInventoryOutstanding,operatingCycle,cashConversionCycle,freeCashFlowToEquity,freeCashFlowToFirm,tangibleAssetValue,netCurrentAssetValue,sector
1993-03-31,CDW,1993,Q1,USD,979733327.21,,,0.0,0.0,,,0.0,0.0,,,0.0,0.0,,,0.0,0.0,0.0,0.0,0.0,0.0,0.001633097451687534,,0.0,0.0,,0.0,0,,0.0,,,,,0.0,0.0,,,,,,,Technology
1993-06-30,CDW,1993,Q2,USD,1495842849.27,1493542849.27,24.167360020550163,0.0,0.0,597.417139708,-0.92,1.9763779527559056,0.0,0.5767878414358739,0.04543859673037858,2.4782608695652173,1.0,12400000.0,13700000.0,0.18874172185430463,0.0,0.18874172185430463,0.3313953488372093,0.3202247191011236,0.13142857142857142,0.003810560716843824,,0.0,0.0,,0.08090614886731391,0,,0.0,,,,17.766990291262136,8.453038674033149,15.082872928176794,32.84986321943893,24.39682454540578,,,17200000.0,12100000.0,Technology
1993-09-30,CDW,1993,Q3,USD,1224666672.79,1223166672.79,17.03574753189415,582.4603203761905,582.4603203761905,321.8859665236842,-0.39473684210526316,2.037593984962406,1.05,0.442054858638467,0.07574999962125001,0.6060606060606061,1.0,13800000.0,15400000.0,0.06153846153846154,0.10526315789473684,0.06153846153846154,0.10362694300518134,0.09900990099009901,0.171875,0.0016330974333151878,0.0017147523049809473,0.0,0.0,0.0,0.08356545961002786,0,0.0,0.0,13400000.0,5700000.0,9450000.0,18.3008356545961,9.14516129032258,14.225806451612904,32.526642106209,23.381480815886423,3600000.0,200000.0,19200000.0,13800000.0,Technology
1993-12-31,CDW,1993,Q4,USD,1224666672.79,1222466672.79,15.794143059302325,321.7017559973684,330.39639805135135,284.2945750674418,-0.5116279069767442,2.312,1.5833333333333333,0.5158342731334843,0.11924999940375,0.6,1.0,16400000.0,17800000.0,0.06997084548104957,0.11976047904191617,0.06997084548104957,0.1095890410958904,0.09448818897637795,0.1834862385321101,0.0019597169199782253,0.003021230251633098,0.02631578947368421,-0.3333333333333333,0.0012919896640826874,0.0,0,0.0,0.0,14000000.0,6700000.0,9500000.0,15.581395348837209,9.53731343283582,12.35820895522388,27.93960430406109,18.40229087122527,5900000.0,-600000.0,21800000.0,16400000.0,Technology
1994-03-31,CDW,1994,Q1,USD,1285900000.0,1288300000.0,14.70662100456621,-460.10714285714283,-280.0652173913044,339.0263157894737,0.631578947368421,1.7899543378995433,-1.3333333333333333,0.48207142327963926,0.035,0.6,1.0,17300000.0,20300000.0,0.04565217391304348,0.08717310087173101,0.04565217391304348,0.08713692946058091,0.07664233576642336,0.14522821576763487,0.001633097441480675,-0.003577261062291002,-0.6428571428571429,-6.0,0.02054794520547945,0.0867579908675799,0,0.0,0.0,15900000.0,11050000.0,14250000.0,18.904109589041095,17.716535433070867,22.79527559055118,41.69938517959228,23.98284974652141,-7000000.0,-900000.0,24100000.0,17300000.0,Technology
1994-06-30,CDW,1994,Q2,USD,1102200000.0,1099700000.0,11.927331887201735,785.5,845.9230769230769,255.74418604651163,-0.5813953488372093,3.5393939393939395,0.56,0.8494115610232769,0.16083333333333333,0.6153846153846154,1.0,41900000.0,44700000.0,0.03715170278637771,0.0705244122965642,0.03715170278637771,0.0498960498960499,0.0498960498960499,0.08108108108108109,0.0021774632553075665,0.0011794592632915987,0.07142857142857142,-0.25,0.0010845986984815619,0.09002169197396963,0,0.0,0.0,19600000.0,14300000.0,17700000.0,20.303687635574835,15.376884422110551,18.203517587939697,38.50720522351453,23.130320801403983,3800000.0,-22700000.0,48100000.0,41900000.0,Technology
1994-09-30,CDW,1994,Q3,USD,1249160000.0,1243960000.0,11.067259786476868,540.8521739130434,621.98,222.13571428571427,-0.9285714285714286,2.995594713656388,0.6764705882352942,0.9239461405234806,0.16139705882352942,0.6071428571428571,1.037037037037037,45300000.0,48200000.0,0.04576043068640646,0.07775377969762419,0.04576043068640646,0.06589147286821706,0.06353820598006646,0.10465116279069768,0.0027218290691344584,0.0016010759230202696,0.13043478260869565,-0.75,0.0026690391459074734,0.0800711743772242,0,0.0,0.0,22650000.0,15050000.0,18150000.0,19.617437722419925,15.21516393442623,18.62704918032787,38.244486902747795,23.029322968321566,7200000.0,-821428.5714285718,51600000.0,45300000.0,Technology
1994-12-31,CDW,1994,Q4,USD,1249160000.0,1246160000.0,10.290338563170932,461.5407407407407,541.8086956521739,180.60289855072463,-0.43478260869565216,3.2162162162162162,0.6585365853658537,1.0550945365079178,0.16286764705882353,0.6119402985074627,1.0307692307692307,49200000.0,52100000.0,0.052564102564102565,0.08535784635587657,0.052564102564102565,0.07347670250896057,0.07128336810570803,0.11648745519713262,0.0032822056421915524,0.0018412373114733102,0.14814814814814814,-0.6666666666666666,0.0033030553261767133,0.0,0,0.0,0.0,24700000.0,16350000.0,21700000.0,18.50536746490504,13.978906999041225,20.019175455417063,38.524542920322105,24.54563592128088,5300000.0,-922388.0597014925,55800000.0,49200000.0,Technology
1995-03-31,CDW,1995,Q1,USD,1543080000.0,1542980000.0,10.912164073550212,-514.3266666666667,-467.56969696969696,223.62028985507246,-0.014492753623188406,3.7258883248730963,-0.7142857142857143,0.8979142498033985,0.16607142857142856,0.6086956521739131,1.0298507462686568,53700000.0,56500000.0,0.052565707133917394,0.08486383787207093,0.052565707133917394,0.06976744186046512,0.06774519716885744,0.11129568106312292,0.0027218290691344584,-0.00213857998289136,-0.1,-0.6,0.0021216407355021216,0.08274398868458274,0,0.0,0.0,27050000.0,14450000.0,23250000.0,18.585572842998587,9.33061224489796,17.118367346938776,35.70394018993736,26.373327945039403,-3200000.0,-1221739.1304347822,60200000.0,53700000.0,Technology
1995-06-30,CDW,1995,Q2,USD,1316516672.79,1310016672.79,8.960442358344732,284.7862332152174,311.90873161666667,184.50939053380282,-0.9154929577464789,3.377049180327869,1.069767441860465,1.1031245213530447,0.2738372080286641,0.6056338028169014,1.0289855072463767,58000000.0,60900000.0,0.048314606741573035,0.08170515097690942,0.048314606741573035,0.06656346749226007,0.06468844023895697,0.10681114551083591,0.0032661948677697454,0.0031902368475890544,0.08695652173913043,-0.8,0.0027359781121751026,0.08002735978112176,0,0.0,0.0,31350000.0,16100000.0,24050000.0,20.622435020519834,13.808025177025964,17.5609756097561,38.18341063027593,24.375385453249965,10700000.0,-1021126.7605633806,64600000.0,58000000.0,Technology
1995-09-30,CDW,1995,Q3,USD,1390871433.8200002,1366671433.8200002,8.483373270142769,231.63922607118647,253.08730255925929,170.83392922750002,-3.025,3.3604060913705585,1.1132075471698113,1.4379525484397846,0.4157075456011036,0.6091954022988506,1.0875,93000000.0,96100000.0,0.03815694744420446,0.07020623080298377,0.03815694744420446,0.05331991951710262,0.048980534858199046,0.08040201005025126,0.0038105606824087672,0.0038824580537749702,0.0847457627118644,-0.8333333333333334,0.0031036623215394167,0.07697082557417753,0,0.0,0.0,36600000.0,26350000.0,29400000.0,22.178770949720672,21.327623126338327,21.84154175588865,44.02031270560932,22.692689579270994,29600000.0,-31226436.781609196,99400000.0,92900000.0,Technology
1995-12-31,CDW,1995,Q4,USD,1390871433.8200002,1376671433.8200002,7.643928005663521,372.07336049189195,491.66836922142863,148.0291864322581,-1.5268817204301075,4.581227436823105,0.5873015873015873,1.6204885282682193,0.4077830173291207,0.6116504854368932,1.0842105263157895,99200000.0,102700000.0,0.04705003734129948,0.06964809384164222,0.04705003734129948,0.059322033898305086,0.05471449728484449,0.08945386064030132,0.0045295343960707985,0.0020131263982536883,0.24324324324324326,-1.5,0.004997223764575236,0.0,0,0.0,0.0,40300000.0,26300000.0,30700000.0,20.438645197112717,11.149425287356323,15.74712643678161,36.185771633894326,25.036346346538004,17000000.0,-1889320.3883495154,106200000.0,99200000.0,Technology
1996-03-31,CDW,1996,Q1,USD,1443357150.73,1442857150.73,6.9804409807934205,-687.0748336809523,-577.142860292,113.61079927007874,-0.03937007874015748,4.762589928057554,-0.38181818181818183,1.4970243130068572,0.28763636206743803,0.6111111111111112,0.7377049180327869,104600000.0,108000000.0,0.03939828080229226,0.08921389396709324,0.03939828080229226,0.049194991055456175,0.06668654343072948,0.10912343470483005,0.003810560676003365,-0.0017320730345469842,-0.19047619047619047,-0.8,0.0019351717464925011,0.06966618287373004,0,0.0,0.0,44350000.0,16400000.0,27750000.0,20.812772133526853,6.714922048997773,14.08129175946548,34.894063892992335,28.179141843994564,-2000000.0,1155555.555555556,111800000.0,104600000.0,Technology
1996-06-30,CDW,1996,Q2,USD,1561450000.0,1558350000.0,7.125514403292181,219.48591549295776,3895.875,119.87307692307692,-0.23846153846153847,3.6332518337408315,0.8352941176470589,1.785233548735126,0.24588235294117647,0.6115107913669064,1.0692307692307692,107700000.0,110600000.0,0.05269683818970862,0.08640744433366566,0.05269683818970862,0.07059800664451828,0.06602691268911781,0.1079734219269103,0.005443658138268917,0.0002561721476832431,0.9436619718309859,-8.375,0.03063557384545039,0.07590306355738455,0,0.0,0.0,50400000.0,19650000.0,33000000.0,21.810699588477366,12.37918215613383,18.114710568242167,39.925410156719536,27.546228000585707,3500000.0,-2650359.712230216,120400000.0,107700000.0,Technology
1996-09-30,CDW,1996,Q3,USD,1484908327.21,1478208327.21,6.1515119734082395,123.1840272675,143.5153715737864,98.547221814,-0.44666666666666666,3.0842293906810037,1.2371134020618557,2.085413265872226,0.21525773284642363,0.5987654320987654,1.0588235294117647,116300000.0,119700000.0,0.0521785906401291,0.08813364055299538,0.0521785906401291,0.07450076804915515,0.07041591937825604,0.11760184473481937,0.00653238979286039,0.006936455140872373,0.14166666666666666,-2.8333333333333335,0.0070744902205576365,0.06783187682064086,0,0.0,0.0,55500000.0,31900000.0,41950000.0,21.722846441947567,16.39115809706872,19.894281595386836,41.6171280373344,25.225969940265685,17000000.0,-1738888.888888888,130100000.0,116300000.0,Technology
1996-12-31,CDW,1996,Q4,USD,1484908327.21,1468446327.21,5.6005885970746965,124.7194094793613,154.6384085098989,87.00357431034483,-0.9753525299206067,3.160781708851909,1.100373831775701,2.284325685465143,1.0449927878144032,0.6016644174538911,1.3676843805275705,123614000.0,135909000.0,0.05381481667756375,0.06759545655394693,0.05381481667756375,0.07555323325472031,0.05524171682473731,0.0918148310290774,0.007205832039547027,0.0063950075745363155,0.19347715304909122,0.5878709677419355,0.008688190087530273,0.0,0,0.0,0.0,59663500.0,37271000.0,43731000.0,21.050859093422833,14.374861058440453,16.265773953524864,37.3166330469477,22.94177198850725,25958000.0,2106442.4201529473,141622000.0,123614000.0,Technology
1997-03-31,CDW,1997,Q1,USD,1495842849.27,1488742849.27,4.999136498556078,-150.37806558282827,-113.64449231068703,85.07101995828572,-0.4057142857142857,3.4705882352941178,-0.868421052631579,2.4800785347301733,0.3963596512089104,0.6031746031746031,1.05,138600000.0,141900000.0,0.053023255813953486,0.08699224319164875,0.053023255813953486,0.07169811320754717,0.06832689022745662,0.11327879169288861,0.007621121433687648,-0.008757604454500719,-0.32323232323232326,-8.0,0.010745466756212223,0.07387508394895903,0,0.0,0.0,64113500.0,38521000.0,51831000.0,20.21826729348556,14.125874125874127,21.748251748251747,41.96651904173731,27.84064491586318,-6000000.0,-7728857.142857144,158900000.0,138600000.0,Technology
1997-06-30,CDW,1997,Q2,USD,1555326672.7900002,1543926672.7900002,5.070366741510674,64.33027803291668,86.2528867480447,76.43201350445545,-0.5643564356435643,3.7561436672967865,1.889763779527559,2.6169307819905576,0.38887795122488994,0.6047619047619047,1.05,145800000.0,148900000.0,0.05651980418335559,0.09097111667045713,0.05651980418335559,0.0739231664726426,0.07040301568823107,0.11641443538998836,0.008165487175255788,0.011508836254888077,0.25416666666666665,-30.5,0.020032840722495896,0.07093596059113301,0,0.0,0.0,67400000.0,34300000.0,54600000.0,20.068965517241377,9.661210506280929,16.102017510468215,36.170983027709596,26.509772521428665,29300000.0,-1404761.9047619049,171800000.0,145800000.0,Technology
1997-09-30,CDW,1997,Q3,USD,1592066672.7900002,1584966672.7900002,4.89338275020068,-150.94920693238097,-99.68343854025159,76.94012974708738,-0.3446601941747573,3.277860326894502,-0.8076923076923077,2.6840877160888432,0.43355769064016275,0.6046511627906976,1.053921568627451,153300000.0,179100000.0,0.051525961157352355,0.08553459119496855,0.051525961157352355,0.07027027027027027,0.06667504714016341,0.11027027027027027,0.008165487175997655,-0.009987018930643285,-0.5142857142857142,-27.0,0.01667181228774313,0.06977462179685089,0,0.0,0.0,78000000.0,38350000.0,55200000.0,24.479777709169497,15.550409690060562,20.327752048450304,44.807529757619804,29.257120067559242,-8800000.0,-765116.2790697683,185000000.0,153300000.0,Technology
1997-12-31,CDW,1997,Q4,USD,1592066672.7900002,1573833672.7900002,4.4873211875550645,98.7348602754078,116.07299010177744,61.56926972811205,-0.7132853454346295,3.3994410605517738,1.1466800949571974,2.88490586239307,1.260524995151827,0.6015665570365242,1.0460842009959257,167421000.0,194125000.0,0.05155373255550899,0.08464558254668632,0.05155373255550899,0.06955159957171304,0.06648757289852611,0.11052405111424654,0.008731418248734107,0.008516603124565553,0.14937264742785444,0.6857718894009217,0.0067887172147156356,0.0,0,0.0,0.0,89800000.0,46500000.0,62670500.0,23.47966663720422,13.117213189922836,18.258276453865403,41.737943091069624,28.620729901146788,31792000.0,258605.24493681826,199866000.0,167421000.0,Technology
1998-03-31,CDW,1998,Q1,USD,1510422218.14,1500922218.14,3.902553869318773,-224.01824151343286,-118.18285182204725,63.86903055914894,-0.40425531914893614,3.6220588235294118,-0.4527027027027027,3.2587968353613035,0.6601013531354091,0.6040816326530613,1.047008547008547,178300000.0,209900000.0,0.05216778286922806,0.08457714140105288,0.05216778286922806,0.0686456400742115,0.06553319519741138,0.10848400556328233,0.009798584675366711,-0.008408244957916028,-0.8955223880597015,-5.0,0.015600624024960999,0.06708268330733229,0,0.0,0.0,97600000.0,42050000.0,66070500.0,24.266770670826833,10.664272890484739,18.9048473967684,43.17161806759523,32.507345177110494,-3200000.0,-3943489.795918366,215600000.0,178200000.0,Technology
1998-06-30,CDW,1998,Q2,USD,1592066672.7900002,1568366672.7900002,3.835575135216435,102.50762567254904,113.6497588978261,63.24059164475807,-0.9556451612903226,3.923076923076923,0.9807692307692307,3.2890991158228053,0.8659615351309172,0.6046511627906976,1.0403225806451613,193800000.0,225900000.0,0.05236656596173213,0.08528198074277854,0.05236656596173213,0.06738660907127429,0.06474675663734586,0.1070811744386874,0.009798584611197186,0.008667978694520587,0.09803921568627451,-1.5,0.003668378576669112,0.06578625580826608,0,0.0,0.0,114050000.0,43200000.0,59550000.0,27.380777696258257,11.824817518248175,12.355418304323413,39.73619600058167,27.911378482333497,37500000.0,-3004651.162790699,231500000.0,193700000.0,Technology
1998-09-30,CDW,1998,Q3,USD,1570635000.0,1557335000.0,3.365755349038254,-2595.5583333333334,-283.15181818181816,57.67907407407407,-0.4925925925925926,4.042274052478134,-0.03508771929824561,3.6273812505500587,0.9239766081871345,0.6042402826855123,1.044280442804428,208700000.0,244400000.0,0.05367231638418079,0.08791565287915652,0.05367231638418079,0.0684,0.06549964664310955,0.1084,0.010887316276537834,-0.0035017683930384843,-8.166666666666666,-4.083333333333333,0.01059001512859304,0.06851091419926518,0,0.0,0.0,133300000.0,46350000.0,52100000.0,27.659390533823213,10.258256766823939,12.359076235410978,40.018466769234195,29.760210002410254,7800000.0,-4625088.339222616,250000000.0,208700000.0,Technology
1998-12-31,CDW,1998,Q4,USD,1570635000.0,1566405000.0,3.2825672846607947,-450.6343498273878,-253.21774975751697,41.886966520483476,-0.11311370200021392,4.218919755692533,-0.18952074586990894,3.9095908395216408,1.7599883040935673,0.6031041399493604,1.0401190231890005,228730000.0,265786000.0,0.05365673846837965,0.08854351996680905,0.05365673846837965,0.06773820647577401,0.06512543753703201,0.10798373485298951,0.01167744256303979,-0.003938534414424739,-0.7796317606444189,0.33218926207403776,0.005679091513006377,0.0,0,0.0,0.0,150202000.0,43629000.0,59846000.0,29.837988721449992,8.857915252704576,13.79125873959459,43.629247461044585,34.77133220834001,-1956000.0,3051558.8438393995,270763000.0,228730000.0,Technology
1999-03-31,CDW,1999,Q1,USD,1573430436.38,1564930436.38,2.9012429298850577,-1203.7926433692307,-401.2642144564103,48.449858711455114,-0.2631578947368421,3.5995872033023737,-0.06598984771573604,4.221793525617652,1.1356979683901542,0.6042944785276073,1.0281965558569357,251900000.0,290100000.0,0.05028075548749362,0.0864206449924416,0.05028075548749362,0.06677966101694915,0.06495807042836607,0.10749406578501187,0.012520413705307428,-0.002478660581253755,-2.0,-1.7333333333333334,0.00482017055988135,0.06711160548757879,0,0.0,0.0,176052000.0,52529000.0,72446000.0,32.35261401557286,12.197872340425532,15.414893617021278,47.76750763259414,35.569635292168606,4600000.0,-8110239.263803683,294900000.0,251900000.0,Technology
1999-06-30,CDW,1999,Q2,USD,1584155320.0,1558555320.0,2.608024297188755,137.92524955752214,173.17281333333332,42.23727154471545,-0.6937669376693767,3.4574753804834377,0.5067264573991032,4.638551111167592,1.3964585555916322,0.6043360433604336,1.0230675390928248,274500000.0,313200000.0,0.051800232288037165,0.08780250516843001,0.051800232288037165,0.06992787707745375,0.06843328470925865,0.11323713927227101,0.014076902509786729,0.00568126110260451,0.20353982300884957,-1.3529411764705883,0.003848728246318608,0.06475903614457831,0,0.0,0.0,207600000.0,71050000.0,80800000.0,33.32831325301205,13.540587219343696,14.006908462867012,47.33522171587906,33.794634496535366,34600000.0,-4802807.588075884,318800000.0,274500000.0,Technology
1999-09-30,CDW,1999,Q3,USD,1552561289.73,1536261289.73,2.2492844651976576,86.79442314858757,96.016330608125,34.915029312045455,-0.3704545454545455,3.3894080996884735,0.6755725190839694,5.393638908108523,2.3069561077507466,0.6036866359447005,1.0308788598574823,306800000.0,345300000.0,0.05449251247920133,0.09239547898606386,0.05449251247920133,0.07432624113475177,0.07212033874367732,0.11946651532349603,0.01687534023507461,0.010305551288595182,0.096045197740113,-0.8947368421052632,0.0024890190336749633,0.0636896046852123,0,0.0,0.0,235200000.0,88650000.0,84100000.0,32.82430453879942,14.947103274559193,13.163727959697733,45.98803249849715,31.040929223937955,32300000.0,-10484792.62672811,352400000.0,306800000.0,Technology
1999-12-31,CDW,1999,Q4,USD,1552561289.73,1532814289.73,2.0679083126090236,-295.3968567604548,-197.78248899741936,25.58955408564274,-0.3296661101836394,3.9593147192663425,-0.1736322569851096,6.0667735480565534,2.478660020030023,0.6038227628149435,1.0308464550529035,340117000.0,373047000.0,0.05907118784776099,0.09731685441084811,0.058321981835000605,0.0764353528533137,0.0741481454184086,0.12279786385120618,0.019248837516229186,-0.0049917514054132915,-0.4935440354596261,0.21542732166890982,0.003455025976776721,0.0,0,0.0,-0.012846031447970509,243439500.0,82278500.0,106658500.0,28.870728604404245,9.075610505298727,17.44667485793273,46.317403462336976,37.24179295703825,11997000.0,5000738.4882710725,397483000.0,340117000.0,Technology
2000-03-31,CDW,2000,Q1,USD,795182190.0,781305190.0,0.904300974087603,106.66282457337884,418.0338095238095,13.287051290772423,-0.23599537430699635,4.246794122688106,0.20756000113343345,14.15689002899628,5.63810150853605,0.6040083521599233,1.0277934140163243,416752000.0,459683000.0,0.05869155956467364,0.10268684108087799,0.05869155956467364,0.07462077481614926,0.07260289256432623,0.12020180235041379,0.04438102417761645,0.002350404754412319,0.7448464163822526,2.792221084953941,0.006314902521794284,0.060608480673342686,0,0.0,0.0,266140500.0,83132000.0,130074500.0,30.677717746079807,11.996462521943625,15.970163293696796,46.64788103977661,34.65141851783298,15746000.0,-45800333.19641268,472938000.0,416752000.0,Technology
2000-06-30,CDW,2000,Q2,USD,1597289870.0,1556301870.0,1.649774811256151,24.74287142879855,26.950350148059638,23.266932829015236,-0.6127763907368925,3.9076488190135144,1.5705510749332068,7.995237985526465,3.3797541143862637,0.6039935451762257,1.030988587243835,474191000.0,519699000.0,0.05726021952443521,0.09889007370550243,0.05726021952443521,0.07467133537309564,0.07242692722013172,0.11991341264913664,0.0250730945911527,0.03615311227134997,0.08190909235440945,2.0007766990291262,0.005461433923221907,0.06138494840683442,0,0.0,0.0,304528000.0,111849000.0,143340500.0,30.010176584950102,13.491543877211765,16.74224627064708,46.75242285559718,33.26087897838542,98735000.0,-21170759.135536216,536337000.0,474191000.0,Technology
2000-09-30,CDW,2000,Q3,USD,1602525320.0,1581968320.0,1.5388033473047544,459.874511627907,-278.3685236670772,21.216532596596167,-0.27569974384077894,4.1363770392167485,0.07656354328956154,8.79472375239256,3.87439245265716,0.6040033876887091,1.0363770619705752,521200000.0,573044000.0,0.060031612462739116,0.09914770765129226,0.060031612462739116,0.07716484044928383,0.07445633764082159,0.12327139078762064,0.028036998504335647,-0.0035462778210580783,2.65203488372093,3.273412271259419,0.00887407336795548,0.05773838068344858,0,0.0,0.0,339984000.0,115531500.0,159346500.0,31.989911006360582,10.834313542947676,16.65144043428768,48.641351440648265,37.80703789770059,14874000.0,-9992052.845255218,582260000.0,521200000.0,Technology
2000-12-31,CDW,2000,Q4,USD,1602525320.0,1558861320.0,1.5479160059221246,22.870953505773265,28.407495580865604,22.323022683010652,-0.6252720815671898,6.006836860214287,1.6228719731422176,8.88851539928647,4.684826218533633,0.6039979866254405,1.0429728513574321,561697000.0,617859000.0,0.05611561160124366,0.08907885489512825,0.05568379337638765,0.06601011236131653,0.0632903457414104,0.10478568992425945,0.026208010242234424,0.03424282868741194,0.19489722560483574,4.201138519924099,0.01319072835976808,0.0,0,0.0,-0.007754827727651092,358140000.0,82026500.0,138073000.0,31.356220167197744,5.73688673283352,11.273272440429372,42.629492607627114,36.892605874793595,98539000.0,-10350454.231681883,642055000.0,561697000.0,Technology
2001-03-31,CDW,2001,Q1,USD,1583383780.0,1462263780.0,1.4811559238081733,16.383357198077377,17.615937981881263,21.94141678170578,-1.8174179220935118,3.886107363276276,2.205084494515268,8.653235611299028,1.3311222358864887,0.6024917759485569,1.0585853174290532,532634000.0,597664000.0,0.050887859632183216,0.08221485095862052,0.050887859632183216,0.06626230876900031,0.06259515192401224,0.10389378647611096,0.025562975010391984,0.05242443496547628,0.06996963687495099,1.963219113486325,0.006325684100704485,0.06466783827722601,0,0.0,0.0,181118500.0,89006000.0,131749500.0,1.0366119858798981,12.803006792466919,16.09650156453077,17.133113550410666,4.3301067579437476,204128000.0,64234935.57702327,610845000.0,532634000.0,Technology
2001-06-30,CDW,2001,Q2,USD,1572435260.0,1528178260.0,1.53578808998588,21.561598024691357,23.436879025826638,21.108309184082213,-0.6113098609058386,4.624554880767709,1.64710666976528,9.327667717389046,2.2047273300778056,0.6025091713573609,1.042613760784829,577127000.0,643930000.0,0.05262501345282705,0.08493008354266528,0.05262501345282705,0.06535094047338806,0.06267991362802948,0.1040314680800978,0.027365196580493877,0.04146689002636585,0.08001410934744269,1.4548486403283736,0.005699239732876403,0.06284338899245763,0,0.0,0.0,11040000.0,111312500.0,137032000.0,0.968609459873674,10.508150302288207,12.602913654800087,13.571523114673761,3.0633728123855537,109461000.0,-4994724.271192133,658445000.0,577127000.0,Technology
2001-09-30,CDW,2001,Q3,USD,1576935910.0,1541190910.0,1.5550855998345214,36.54102733717429,45.78837487744734,21.171658905144586,-0.49103647228518443,4.434888669188446,0.9755290852318723,9.783199154781173,5.236341344081637,0.602494425863991,1.0422657952069716,639274000.0,710471000.0,0.04745164837818201,0.07965016398563174,0.04745164837818201,0.05963234421937972,0.05721414296968078,0.09496211170358028,0.027417093951522732,0.021344558004262836,0.2019584133532494,2.1591888466413183,0.008594794488757045,0.06505728685807692,0,0.0,0.0,183368000.0,120772500.0,128802500.0,32.331310257147614,14.790249810113512,14.368859315988617,46.70016957313623,31.909919763022717,69404000.0,-25238258.77926422,725026000.0,639274000.0,Technology
2001-12-31,CDW,2001,Q4,USD,1569532800.0,1423555800.0,1.4405689189325939,14.22147873605131,14.519708699244209,19.841881664227472,-2.034664436546101,5.39336498876064,2.386434616760043,10.033286526592075,6.340019311797753,0.6025108809629832,1.0331077671919984,695786000.0,764859000.0,0.04476382267784668,0.07292198161746206,0.04476382267784668,0.05386839134561174,0.05214208338789939,0.08654131408309436,0.026724513179973045,0.06246635941599946,0.020539665730926384,0.47166781371874283,0.0020805715500055656,0.0,0,0.0,0.0,342096000.0,123829500.0,127977500.0,29.887825215798582,11.205321079742758,12.496669079616865,42.38449429541545,31.17917321567269,244020000.0,-13608201.775428414,778657000.0,695786000.0,Technology
2002-03-31,CDW,2002,Q1,USD,1576917540.0,1462552540.0,1.45841647088856,7386.62898989899,-872.6447136038186,21.072118662382756,-1.647744463814889,5.935635421080178,0.004858180390617332,10.41658898180199,6.887007525453741,0.6049936169581094,1.0333159493204895,792130000.0,858864000.0,0.03947648806871675,0.0662055882862193,0.03947648806871675,0.04674282044224241,0.04523574853652512,0.0747706211579044,0.025845359041411893,-0.0010628330001326513,9.464646464646465,0.444813671967719,0.001868700365762697,0.06405434188641014,0,0.0,0.0,357863500.0,114506000.0,128397500.0,34.78193842263341,12.603071253493578,14.198926745757003,48.98086516839041,36.37779391489683,112689000.0,-54563046.13603301,871920000.0,792130000.0,Technology
2002-06-30,CDW,2002,Q2,USD,1572912880.0,1438088880.0,1.3607699324388258,13.944698626949034,14.24033667699803,19.251266783577194,-1.8048486633378402,5.1996162580827,2.340998342905137,10.740353749147998,6.8999404372605815,0.6050072788200072,1.0299884007129319,774825000.0,839693000.0,0.042451025645226105,0.06829846547277516,0.042451025645226105,0.05163037745623144,0.0501271445586127,0.08285378757158027,0.02800727272320384,0.06420381019449724,0.020760608176246993,0.5343149488395308,0.0020258889877178706,0.061480668420355405,0,0.0,0.0,378939000.0,130459000.0,145480500.0,31.53653413069397,13.57616369354439,15.002055303989248,46.53858943468322,32.96242574113883,235811000.0,61941384.56890158,853238000.0,774825000.0,Technology
2002-09-30,CDW,2002,Q3,USD,1546864220.0,1361591220.0,1.1829945350443538,15.257462601270717,15.70209216504832,14.713701466408757,-2.0021072196587384,4.909579818542163,1.6256967974642038,12.255827040649852,7.308229223570767,0.6049992285141181,1.0203659345726077,785114000.0,848893000.0,0.05163437362728324,0.08465366187086659,0.05163437362728324,0.06365916705225841,0.062388565607026845,0.10312172754377481,0.035487277609924935,0.05605792601499309,0.028316580943736624,0.6988384955752213,0.002195539414580745,0.05837337202533515,0,0.0,0.0,374506500.0,130081500.0,139941500.0,29.612179292249145,10.997162778062842,11.46358395460445,41.0757632468536,30.078600468790754,271987000.0,44598346.397160925,862311000.0,785114000.0,Technology
2002-12-31,CDW,2002,Q4,USD,1539626440.0,1382486440.0,1.3117154560023074,35.59348214515589,39.72205608550741,17.93224515208509,-2.0382644788896815,5.9357320186020495,0.8527861941773153,11.610812483153504,7.97962702238343,0.60499714410956,1.026115283438058,846942000.0,911030000.0,0.04156931322011127,0.06797038900904348,0.04156931322011127,0.04928847381691863,0.04803405096138396,0.07939550034088326,0.02958250054474253,0.02260548344441266,0.10393656188048711,1.0828862660944205,0.0038303415806966723,0.0,0,0.0,0.0,362932500.0,112117500.0,138692500.0,29.645648335362207,10.114862847964451,14.838300882710872,44.48394921807308,34.369086370108626,191944000.0,-17750174.528113917,924070000.0,846942000.0,Technology
2003-03-31,CDW,2003,Q1,USD,1542473790.0,1358217790.0,1.3347016810810333,20.116082732267955,20.700752758641713,18.774435889638394,-2.5469423863762026,6.23252090375378,1.5922039334056501,11.374117935939386,8.515014827253564,0.6050048507675626,1.0239583942032373,882360000.0,944463000.0,0.03770772996904669,0.06166121910892458,0.03770772996904669,0.04435927181586812,0.04332136155823496,0.07160498218034723,0.027492201342364464,0.042536865407612534,0.02824390171655386,0.48997944501541624,0.0018739823057549044,0.06712826706262363,0,0.0,0.0,348232500.0,100460000.0,140541000.0,30.89243616717062,10.149098342853794,13.47542204311269,44.36785821028331,34.21875986742951,249868000.0,7980792.044741198,955967000.0,882360000.0,Technology
2003-06-30,CDW,2003,Q2,USD,1531212980.0,1307841980.0,1.2162622942892003,25.721629626715966,27.754970819804335,17.64492687533729,-3.0136400431732326,5.680216364800633,1.1656045114850304,11.717551775961795,8.581825707224608,0.60499563124974,1.02295523870327,898990000.0,961183000.0,0.03747526891696971,0.061596124822928075,0.03747526891696971,0.04488146363245392,0.04387431818556114,0.0725200578637732,0.02848852548258832,0.030773641952800062,0.07326043346575935,1.0247592847317744,0.0034641624259738714,0.06394518346576199,0,0.0,0.0,361654500.0,119806000.0,138904000.0,31.304013034550486,13.857742061168562,14.448673215517859,45.752686250068344,31.894944188899782,270492000.0,25923117.068637922,971938000.0,898990000.0,Technology
2003-09-30,CDW,2003,Q3,USD,1520870670.0,1292723670.0,1.057196211926054,67.6570717538075,78.81980793854034,16.93775936165195,-2.989269149131312,4.1596431413440165,0.4283696529459241,12.108748572571352,8.33217076735394,0.6049968803407211,1.0160274520072212,921175000.0,984081000.0,0.03449796047166703,0.059067134397816495,0.03449796047166703,0.04454155274305424,0.04383892645327625,0.07246140910443558,0.029327937529362705,0.010783954430523669,0.14162348877374784,0.7198723064644852,0.0022129810228290335,0.06923293956010255,0,0.0,0.0,425294500.0,175978000.0,168730500.0,35.07724579545873,18.100254070235753,16.334929354332903,51.412175149791636,33.31192107955589,244548000.0,22768388.62816374,1001402000.0,921175000.0,Technology
2003-12-31,CDW,2003,Q4,USD,1520870670.0,1298445670.0,0.9625845271314152,-107.7190700182512,-86.0125642554319,16.905303813454502,-2.895894905412267,4.97018872025211,-0.27054809893612247,12.457957003813538,9.182516819461053,0.6049997963146532,1.0093889635132542,986445000.0,1048768000.0,0.033968369176720296,0.05602289507167764,0.033968369176720296,0.04198517881913033,0.04151698849338578,0.06862314458002444,0.029295061624141912,-0.009925893304261038,-0.2523643603782977,0.7903351519875292,0.0022551441305463053,0.0,0,0.0,0.0,474547000.0,179776000.0,186920000.0,31.526447903353507,11.61420505992933,14.326684522253405,45.853132425606915,34.23892736567758,207329000.0,-20323424.860475533,1063169000.0,986445000.0,Technology
2004-03-31,CDW,2004,Q1,USD,1539755030.0,1233350030.0,0.9226903415828215,9.969445652437496,10.202587810002813,13.115582483490542,-3.2583451194742494,4.747425659531579,2.237407990161503,14.1998249568945,9.992394325868837,0.6035958343339956,1.0158128188068307,1063377000.0,1124951000.0,0.038813299835952685,0.06591572829826246,0.038813299835952685,0.048559241431458254,0.04771299446825831,0.0790479187466636,0.0359102577505462,0.07850989127796518,0.02285127674537033,0.7329530723360125,0.002114927256826382,0.07186862463893995,0,0.0,0.0,484928500.0,167544500.0,178226500.0,33.48617367240996,14.786226424759722,13.7169346049287,47.20310827733866,32.41688185257894,427291000.0,-21469727.65976028,1140827000.0,1063377000.0,Technology
2004-06-30,CDW,2004,Q2,USD,1534574690.0,1319156690.0,0.9539033005906411,31.445178660818573,36.8428065912582,13.29741431797105,-2.1714648602878914,4.276484324570618,0.7198798798798799,14.458792691657345,9.462232304248417,0.6032796049566757,1.0152395766550706,1035487000.0,1099437000.0,0.040721676859605774,0.06663783488493843,0.040721676859605774,0.05237514896921393,0.05147911658339117,0.08533210166633783,0.037974691215583646,0.023332197665791036,0.1465042549641248,1.5149124969189056,0.004444270896605983,0.06804232253287286,0,0.0,0.0,519837000.0,200935000.0,180737500.0,35.29533503410215,16.627338506334443,14.551915739309502,49.84725077341165,33.219912267077206,251223000.0,83201244.57281283,1115020000.0,1035487000.0,Technology
2004-09-30,CDW,2004,Q3,USD,1525573390.0,1299373390.0,0.8599119488780679,124.78376932680304,453.375223307746,11.758077532146704,-2.0468921083350677,4.074288468080281,0.15976249654791494,15.749747646293706,9.83587908052067,0.60363973141931,1.01801742344245,1084486000.0,1151829000.0,0.042899116190536365,0.0718983401505158,0.042899116190536365,0.055871390707131666,0.054882548589592156,0.0909193774580566,0.04272360833456855,0.0018786379067610769,0.7247671180255449,1.6978627671541058,0.004994526999035111,0.0647806100907049,0,0.0,0.0,557701500.0,223801500.0,201681500.0,34.13260545288256,16.25543801019096,15.042179163243961,49.174784616126516,32.91934660593556,229066000.0,11923444.47325769,1166572000.0,1084486000.0,Technology
2004-12-31,CDW,2004,Q4,USD,1525573390.0,1376769390.0,0.9135058890193063,169.36516053635134,542.8901380126183,12.987532804437443,-1.4037186223551275,4.709668071465881,0.12965119060910063,15.935161222728576,9.134456994232181,0.6047240601068652,1.0228277168337148,1036919000.0,1105514000.0,0.04122398393093722,0.06668361693232865,0.04122398393093722,0.05050599435967125,0.04937878933904782,0.08165507641670768,0.041098645539432224,0.0016623257960733046,0.6880305080575717,1.2056477689157146,0.003711034305668998,0.0,0,0.0,0.0,588734000.0,199812500.0,213836500.0,36.092452726279866,11.767519346517627,14.946026019664286,51.038478745944154,39.27095939942653,151340000.0,107912668.52491271,1241417000.0,1036919000.0,Technology
2005-03-31,CDW,2005,Q1,USD,1517747770.0,1344707770.0,0.911615605098564,8.435476660958152,9.251069917513432,13.075981349306677,-1.6826464925416675,3.518482374029078,2.5963972181051194,15.494282485469409,8.95623388726837,0.6106784431911995,1.0287424536989664,1011624000.0,1089442000.0,0.038663609531360305,0.06287082884891637,0.038663609531360305,0.051755080295945624,0.05030907406402258,0.08238226619090128,0.04045270315238216,0.09577151281203991,0.08816204653380257,2.7513703993735317,0.009527605922924964,0.06931004513647376,0,0.0,0.0,601332500.0,215086500.0,209317500.0,36.502336819241236,18.90568476590374,14.80569061220371,51.30802743144495,32.40234266554121,318397000.0,76030604.25307593,1186299000.0,1011624000.0,Technology
2005-06-30,CDW,2005,Q2,USD,1494160690.0,1378258690.0,0.8952086035613261,114.38780728691178,396.7353742084053,12.786635834825447,-1.075267420608782,3.514751186617563,0.17967223870804194,16.18938870519534,8.563922323173955,0.6326628804317063,1.0342479119506673,1002410000.0,1083778000.0,0.04289488160268137,0.06504368432793597,0.04289488160268137,0.05835598009347608,0.05566804143802432,0.08799005467183164,0.044882053482480526,0.002325051129540826,0.7116773176197195,1.6176193171099793,0.005569646562894787,0.06841084830750944,0,0.0,0.0,628000500.0,271733000.0,210172000.0,38.44917007394802,19.43396791532558,14.855646612401191,53.30481668634921,33.87084877102363,119376000.0,70780353.28968471,1149171000.0,986813000.0,Technology
2005-09-30,CDW,2005,Q3,USD,1479262620.0,1247304620.0,0.7467977684163132,18.645707750952987,24.743689023785436,10.581766986502423,-1.9678637177300993,3.5098363678374462,0.9148159291067228,17.641680237579745,9.12782206989047,0.6314244266371926,1.030045361558303,1075367000.0,1168057000.0,0.043746380591836054,0.06951013377748597,0.043746380591836054,0.05961427305463229,0.05710885619610241,0.09044448359441808,0.049432736967287116,0.034077113366117504,0.24644592271470214,3.028844387286423,0.009870650531312343,0.06745882538899439,0,0.0,0.0,679039500.0,290518000.0,236825500.0,37.73847985036558,19.069231753012343,16.452654316059018,54.1911341664246,35.12190241341226,282367000.0,-13008951.713180438,1226619000.0,1058903000.0,Technology
2005-12-31,CDW,2005,Q4,USD,1470536870.0,1269286870.0,0.7898664002429426,19.436289258096622,22.92869811048087,11.269827572429346,-1.7868717092704236,4.0821158306617615,0.92618068359098,17.693772281548185,10.091825836029532,0.637447677940206,1.0339016319892322,1133482000.0,1230759000.0,0.042757795975394405,0.0644377522134554,0.042757795975394405,0.05575830423900709,0.053225820183572775,0.08349833566821067,0.04794847476350592,0.037644754871056035,0.15231605543220275,1.763339833362879,0.006189933315245395,0.0,0,0.0,0.0,682718500.0,272533500.0,251142000.0,37.249353439156074,16.248232934565568,16.139757205209307,53.38911064436538,37.14087770979981,256608000.0,5776977.272110879,1264565000.0,1116752000.0,Technology
2006-03-31,CDW,2006,Q1,USD,1469673480.0,1295293480.0,0.8153530371156513,15.05472495031323,20.022777202392913,12.84694748326308,-1.729531366228614,3.4411759446361834,1.3949706540419597,16.506230009563186,9.156129693515323,0.6262298077996974,1.0450416993824672,1092104000.0,1204433000.0,0.03567276693846248,0.05579905566821095,0.03567276693846248,0.049082185883320986,0.0460506063905463,0.07353627345262971,0.041967144974270065,0.04401726021483357,0.24812003858715234,3.244870041039672,0.013438002201898619,0.08104346578087143,0,0.0,0.0,689278500.0,273598500.0,250559000.0,40.41960709517452,20.36324677465274,17.366573265205208,57.78618036037973,37.422933585726994,239071000.0,85628654.46589029,1256627000.0,1067105000.0,Technology
2006-06-30,CDW,2006,Q2,USD,1451119780.0,1331586780.0,0.8151949912394442,35.50046068943453,47.16586780957778,11.685813653476556,-1.049004379152077,3.5660052271276763,0.5130418131334546,17.94460194091335,8.795683849406284,0.6456515595746936,1.050056566330978,1057402000.0,1173182000.0,0.044156860708179146,0.06372076739331788,0.044156860708179146,0.05985385086435278,0.05598592256653168,0.08671228580848002,0.05038247083917497,0.01945532022173938,0.2473273081127196,1.5180821469481263,0.005679362432336797,0.07725451159442116,0,0.0,0.0,727120500.0,289656500.0,257294500.0,40.81520920648098,18.225607756854906,16.89265025145664,57.707859457937616,39.48225170108271,147765000.0,101161772.8814158,1221492000.0,1035264000.0,Technology
2006-09-30,CDW,2006,Q3,USD,1430839300.0,1127661300.0,0.6482835160627713,14.427785667677426,16.415478564669918,9.566098862412094,-2.571898779277407,3.4244362096347274,1.005467363058636,19.40322181942034,9.666609962768007,0.6684093312811165,1.0431066184714461,1144940000.0,1264203000.0,0.04316392563282177,0.06450881252833338,0.04316392563282177,0.05952418327879975,0.05608814403911857,0.08391286807982827,0.05432755446401283,0.04801028319532459,0.12108650315382745,1.4810641627543035,0.0054407783578438555,0.07325044539761547,0,0.0,0.0,759759000.0,308785500.0,271100000.0,40.292280866960205,20.80942602063352,17.440265128915332,57.73254599587554,36.92311997524202,371873000.0,-16090375.246137038,1305923000.0,1122211000.0,Technology
2006-12-31,CDW,2006,Q4,USD,1430839300.0,1282758300.0,0.7032939878690453,85.48302678928428,-42.0962949593069,13.96093141202847,-1.6116431945321172,2.927071428706357,0.28018746382358983,16.598992833474547,7.673324560277314,0.6203968630903426,1.0422945040084999,1020155000.0,1374697000.0,0.02744504406262699,0.04414538277427166,0.03028671635941873,0.03860896144294298,0.03613367625842942,0.058242841652098455,0.037430478740694356,-0.021296591448110212,3.0306544049047046,5.020755133583573,0.02493408460526698,0.0810141184223728,0,0.0,0.09382569780985914,842312000.0,347280500.0,273511500.0,44.69991430587485,20.707826503701902,15.304552358848042,60.00446666472289,39.29664016102099,117609000.0,139748749.78859454,1204071000.0,985274000.0,Technology
2007-03-31,CDW,2007,Q1,USD,1443992220.0,1258621220.0,0.6769991038761392,8.148736339151602,8.947904678624495,9.832747826222823,-1.4481769958516597,2.8762184720100064,2.0116697056525137,20.188724741064686,8.439114062539755,0.6297882113621077,1.0335636471535756,1096539000.0,1454828000.0,0.03696300618328798,0.05855823765792865,0.040493217728835726,0.0526683321877731,0.04976427628297804,0.079017478233433,0.05317203163324522,0.09741118965308553,0.08931346143885638,1.3729100318471337,0.0074201852706498456,0.0829344882896083,0,0.0,0.08718031669372216,893691500.0,373259500.0,272409000.0,42.67346128648101,22.65958573602885,16.3476802848121,59.02114157129311,36.361555835264255,326032000.0,-5844331.528782591,1276710000.0,1061570000.0,Technology
2007-06-30,CDW,2007,Q2,USD,1453122110.0,1256930110.0,0.6183129742753727,31.325360996884736,44.81353786366229,9.328074910758682,-1.4560027310441048,3.0742394669037747,0.5009926208937334,21.380367024094035,10.140029455267184,0.6197027259151507,1.0450388530860104,1255058000.0,1614348000.0,0.03595092349493017,0.05745460103475053,0.03909534625235587,0.05045842948917857,0.047228942931952816,0.07621225622689833,0.0551164967134111,0.019301887850292222,0.30098442367601247,1.09037558685446,0.005940955452426608,0.08466833067858826,0,0.0,0.08042959223660072,918749500.0,406720500.0,286787500.0,42.325020488597715,22.236905160626943,15.34172194520225,57.66674243379997,35.42983727317302,224240000.0,-82880744.18334739,1408087000.0,1219607000.0,Technology
2009-09-30,CDW,2009,Q3,USD,2667324000.0,,,0.0,0.0,,,0.0,0.0,,,0.6648936170212766,-0.534850640113798,,,0.0,0.0,0.0,0.0,0.0,0.0,-0.00937268963200571,,0.0,0.0,,0.10359580319853316,0,,0.0,,,,,,,,,,,,,Technology
2009-12-31,CDW,2009,Q4,USD,2667324000.0,7201224000.0,3.665677780605752,-56.881706161137444,-55.35145272867025,64.4693285586392,40.58997314234557,2.455161544523247,3.3850267379679146,,-34.11105371900826,0.5955414012738853,-1.0716723549488054,923300000.0,5247900000.0,-0.006258366800535475,0.0,-0.020581113801452784,0.8366890380313199,0.005751019665179109,0.009697650472713657,-0.014021543689480541,-0.04877547684495772,-0.02764612954186414,0.06591337099811675,0.0017816238228556885,0.1128531432934589,0,0.0019343344362433188,0.6959170013386881,,,,51.97505726648002,15.82947229075155,13.961128828449365,65.93618609492938,50.10671380417783,-4664000000.0,,-4203500000.0,-4462900000.0,Technology
2010-03-31,CDW,2010,Q1,USD,2667324000.0,,,,,,,0.0,142.4090909090909,,,0.6285714285714286,0.04908835904628331,,,0.0,0.0,0.0,0.0,0.0,0.0,0.0008247966876165025,0.1158839346101186,0.013405681455473986,0.08015267175572519,0.002171552660152009,0.11085259293728349,0,0.0022232562949175325,0.0,,,,,,,,,,,,,Technology
2010-06-30,CDW,2010,Q2,USD,2667324000.0,,,,,,,0.0,7.571428571428571,,,0.6422018348623854,-0.11401673640167365,,,0.0,0.0,0.0,0.0,0.0,0.0,-0.0026243530969615987,-0.022232019807117545,-0.11886792452830189,0.11954459203036052,0.002833625691539603,0.10776773264966491,0,0.0018441056087797419,0.0,,,,,,,,,,,,,Technology
2010-09-30,CDW,2010,Q3,USD,2667324000.0,6893424000.0,2.9032277628032346,50.20702112163146,53.231073359073356,43.68456273764259,26.781368821292777,1.6988969492199146,-457.6666666666667,,-33.35795454545455,1.0,-0.0028680688336520078,703300000.0,4888700000.0,-5.021004535640764e-05,0.0,-0.0001548626884162709,0.008086253369272238,7.348880696692847,0.02105220786539468,-0.00011247227558406852,0.04855053229378958,0.05680990531682447,0.14606741573033707,0.0032850404312668464,0.09930929919137467,0,-0.0004211590296495957,0.6757770004518904,,,,47.96032681940701,26.335992023928217,13.679461615154537,61.639788434561545,35.303796410633325,-4096600000.0,,-4074800000.0,-4302400000.0,Technology
2010-12-31,CDW,2010,Q4,USD,2667324000.0,6920724000.0,3.0495831497312067,236.2021843003413,1134.5449180327869,52.39003785011355,32.198334595003786,1.6577076638426331,-1.2157676348547717,,-33.34073691460055,0.8225255972696246,-0.3608374384236453,675400000.0,4833800000.0,-0.004054645176486423,0.013625647092384237,-0.012400308721378955,0.5540229885057472,0.013226869689730372,0.0165144704997051,-0.009035272805253505,0.0022869362702093933,0.7918088737201365,0.45579567779960706,0.010222966422843042,0.10681237331453247,0,0.001806644928174848,0.6730206265352132,1274800000.0,562050000.0,298850000.0,50.93284568608443,25.27265122601558,13.777382757358707,64.71022844344313,39.437577217427545,-4247300000.0,122389078.49829352,-4043800000.0,-4285000000.0,Technology
2011-03-31,CDW,2011,Q1,USD,2667324000.0,6739324000.0,3.1645961682945156,34.33175751400917,35.86654603512507,73.493173391494,44.40567066521265,1.6578190877730932,-46.73809523809524,,-33.03512396694215,1.3548387096774193,-0.03380588876772083,686500000.0,4802600000.0,-0.0007089086183033453,0.015452799029355263,-0.002139146378730773,0.10606060606060606,0.025344494018241404,0.018787133784060644,-0.0015746118581769592,0.07044513527415493,0.04279164544065207,0.16279069767441862,0.0039444027047332835,0.10818933132982719,0,0.0018782870022539444,0.6686020997198123,1268450000.0,587850000.0,300750000.0,52.93670172802404,32.32326640796355,15.625105449637251,68.5618071776613,36.23854076969774,-3884100000.0,156338709.67741936,-4000800000.0,-4234100000.0,Technology
2011-06-30,CDW,2011,Q2,USD,2667324000.0,6848724000.0,2.8393200945234445,617.0021621621621,2445.9728571428573,38.26102793296089,23.35977653631285,1.7109339198973512,-0.31896551724137934,,-33.386019283746556,0.6541353383458647,-0.41497659906396256,775700000.0,4849700000.0,-0.005778906989488367,0.021462352990415604,-0.016581693429265736,0.5021645021645021,0.017007412666492222,0.02599983775452259,-0.013046783967751949,0.0010497412387846395,0.7477477477477478,0.16338582677165353,0.0034409850337879856,0.10132249906720285,0,0.001699763691389246,0.6514887327919759,1309300000.0,705650000.0,328800000.0,50.96803615107168,34.59334427697358,15.620056707954037,66.58809285902572,31.99474858205214,-4178600000.0,37160150.375939846,-3992500000.0,-4224400000.0,Technology
2011-09-30,CDW,2011,Q3,USD,2667324000.0,6712424000.0,2.6003037111644844,-186.9755988857939,-186.9755988857939,48.22143678160919,29.05962643678161,1.587738744884038,-0.967654986522911,,-32.608298898071624,0.6782449725776966,0.39155332856120256,689300000.0,4717500000.0,0.006219614417435038,0.023308778750135564,0.017796325610399576,-1.0450704225352112,0.019771884034285755,0.029151537915779808,0.013909071413896473,-0.0134591823115602,0.0,0.0,0.0,0.0979313550786395,0,0.0,0.6505113160100586,1404550000.0,779800000.0,332000000.0,50.31339583171922,32.77839489030825,13.125520688697584,63.438916520416804,30.660521630108555,-4081000000.0,180650822.66910422,-3915800000.0,-4138400000.0,Technology
2011-12-31,CDW,2011,Q4,USD,2667324000.0,6633424000.0,2.6755229298592345,153.5514814814815,110.74163606010016,59.70678667866787,35.6984698469847,1.4011779616789681,2.2736842105263158,,-32.0060261707989,0.6354515050167224,0.26912691269126915,538100000.0,4536800000.0,0.0031934919994621486,0.018649388145636447,0.009025270758122744,-2.6027397260273974,0.014679612876584506,0.024108673480459173,0.007123244120324339,0.022456964358285682,0.38657407407407407,0.1629268292682927,0.006735772193764369,0.10744968337837293,0,0.004598072036461905,0.6461610864595939,1420800000.0,652350000.0,318400000.0,50.76634533941032,22.556631171345597,14.01403678606002,64.78038212547034,42.22375095412474,-3906200000.0,136098662.20735788,-3851700000.0,-4077500000.0,Technology
2012-03-31,CDW,2012,Q1,USD,2667324000.0,6502424000.0,2.8037357709555017,29.15885201793722,30.286092221704703,44.38514675767918,26.17815699658703,1.5358851674641147,20.458715596330276,0.3511485054273696,-32.23622589531681,0.7218543046357616,0.16063829787234044,593600000.0,4548100000.0,0.0019051281154962073,0.017753405877816812,0.005697856769472033,1.028301886792453,0.01620913929389967,0.02245486269154908,0.00408649267955449,0.08049265855966505,0.037219730941704034,0.1580952380952381,0.0035788202828561573,0.10848568471886857,0,0.002457744049672301,0.6656412766106198,1246050000.0,621600000.0,334250000.0,42.4387719903415,33.746510906647366,16.133567662565905,58.5723396529074,24.825828746260036,-3620400000.0,56554304.63576159,-3797800000.0,-4009500000.0,Technology
2012-06-30,CDW,2012,Q2,USD,2665487000.0,6378187000.0,2.4676701357991258,78.06838433292533,85.84370121130551,33.60477871443625,19.561116965226553,1.5139113680154141,2.220108695652174,1.417614693554922,-31.95158511371468,0.6164154103852596,0.43704245973645683,666800000.0,4575300000.0,0.006199983152219695,0.02340244833532071,0.016963997602913384,0.7201565557729941,0.018128301417970987,0.029409228115567055,0.013806107476795046,0.027874831128420437,0.09057527539779682,0.13909774436090225,0.0028630015088791736,0.10039849885866832,0,0.002243974155608001,0.6345211018448319,1165950000.0,833450000.0,334200000.0,43.11796340000774,39.26916303642599,13.41366206321253,56.531625463220266,17.26246242679428,-3638400000.0,56802345.05862647,-3715100000.0,-3920100000.0,Technology
2012-09-30,CDW,2012,Q3,USD,2665487000.0,6343687000.0,2.4182087447108604,101.66165064102564,120.37356736242884,32.81783238489395,19.028453181583032,1.565111685154232,1.6421052631578947,,-31.44417643004824,0.6012658227848101,0.4517512508934953,743800000.0,4609600000.0,0.0063491002656597215,0.023438417529318994,0.016824581599220755,-0.018043684710351376,0.01822215277747266,0.029921394761078628,0.014256306633647058,0.01977124630508421,0.15544871794871795,0.18164794007490637,0.003697632752639805,0.09796820798231236,0,0.0024777951435215185,0.6226295299994987,1257750000.0,816250000.0,334250000.0,43.81809171654024,28.38948233360723,14.252259654889071,58.07035137142931,29.68086903782208,-3625500000.0,50817088.60759494,-3628300000.0,-3826900000.0,Technology
2012-12-31,CDW,2012,Q4,USD,3021865000.0,6754965000.0,2.5970645905420993,-135.91478873239436,-102.81529680365297,38.79933946008041,21.442274554853533,1.5705358671460365,-1.4924924924924925,1.9440785084063124,-26.219908814589665,0.6923076923076923,0.3910569105691057,666500000.0,4497000000.0,0.005821678321678321,0.022366318954985434,0.016386182462356066,0.24395604395604395,0.019735850194493865,0.02875785403576607,0.01101968486348662,-0.02174154040633847,-0.32193158953722334,0.3131115459882583,0.006151480199923107,0.10049980776624375,0,0.001576316801230296,0.6447202797202797,1355350000.0,604800000.0,330750000.0,49.602076124567475,21.453392167677883,13.014340871483729,62.6164169960512,41.16302482837332,-3798800000.0,197553846.15384614,-3551300000.0,-3748800000.0,Technology
2013-03-31,CDW,2013,Q1,USD,2667324000.0,6201024000.0,2.5712252767757184,29.812615384615384,31.129638554216868,35.94796521739131,20.48521739130435,1.5127580166044634,7.34982332155477,2.22420498187098,-29.411845730027547,0.6359550561797753,0.3816466552315609,673200000.0,4459300000.0,0.00486028818245831,0.02080968924081887,0.013037869713443288,0.17277167277167277,0.016936050877464855,0.026630892722515412,0.010609884663430463,0.0746815909878215,0.04230769230769231,0.16923076923076924,0.0036488783845420245,0.10428328564912717,0,0.0007878260148443007,0.6272176138217666,1424750000.0,580350000.0,336500000.0,52.84239333250404,28.755038065382895,16.05015673981191,68.89255007231594,40.13751200693305,-3334500000.0,110652359.5505618,-3488300000.0,-3672800000.0,Technology
2013-06-30,CDW,2013,Q2,USD,2662968000.0,6208068000.0,2.233680423128126,-6897.8533333333335,-513.0634710743801,31.706169560776303,18.105720122574056,1.5455992250207584,-0.019271948608137045,3.227425499817855,-29.450757575757574,0.6379781420765027,0.5101045296167247,788500000.0,4532300000.0,0.007756830828004319,0.025938935422858685,0.019382418859467086,0.22344497607655503,0.02135491688959005,0.033571569077437545,0.01753682357429755,-0.0045438022537259174,-12.444444444444445,0.21414913957934992,0.004029791674162559,0.09585147339258086,0,0.0007555859389054798,0.5998006810065609,1485800000.0,706550000.0,368450000.0,50.373835138344184,29.810542595695324,14.634617863126692,65.00845300147088,35.19791040577556,-3557200000.0,17349863.387978137,-3402100000.0,-3577800000.0,Technology
2013-09-30,CDW,2013,Q3,USD,3808043999.9999995,6867944000.0,2.397773976189645,41.95445326817349,44.829921671018276,51.062780669144985,22.750185873605947,1.5273638489809556,-74.4090909090909,,-23.195143884892087,0.4583333333333333,-0.0933852140077821,789200000.0,4507200000.0,-0.00036431079022322313,0.015407196105909961,-0.0008978126020241594,-0.0033343437405274324,0.009034983484343725,0.020452193822512822,-0.0005777244170498031,0.04023062758728629,0.06414172266340867,0.20192307692307693,0.0036658171280941243,0.11604929651223685,0,0.01406975526306602,0.5942240180168246,1433100000.0,721800000.0,366150000.0,41.18074224068708,25.16064674342242,13.234964046718483,54.41570628740556,29.255059543983144,-2906700000.0,64358333.33333333,-2928600000.0,-3093300000.0,Technology
2013-12-31,CDW,2013,Q4,USD,3947840000.0,7010940000.0,2.5839162643275717,-1557.9866666666667,-332.27203791469196,36.15750386797318,15.797318205260444,1.5781405960359334,-0.075,5.800008934288619,-22.16301775147929,0.7263922518159807,0.615958240119314,810900000.0,4490300000.0,0.010127265975762077,0.023739070832706422,0.025249337204898373,0.08430518476886328,0.02258346099703754,0.03140203449800973,0.015198184323579476,-0.005344694820458782,-3.688888888888889,0.3198458574181118,0.006118011277779826,0.09973095492573619,0,0.0008476762613791324,0.598909631029943,1380800000.0,667700000.0,367900000.0,48.12958390152213,26.336423841059602,15.178807947019866,63.308391848542,36.9719680074824,-3084200000.0,111009200.96852303,-2836600000.0,-2999400000.0,Technology
2014-03-31,CDW,2014,Q1,USD,4653824000.0,7519524000.0,2.8350955774233686,30.529939098660172,31.72794936708861,40.04006389776358,15.259318423855165,1.5847021501586183,4.8388998035363455,5.482015359994705,-21.553950471698112,0.629950495049505,0.6172650878533231,829400000.0,4465000000.0,0.008608879492600422,0.02294480911709794,0.02114841283031411,0.0674350821409645,0.018970877994350197,0.030218068535825544,0.010937242147532868,0.05092586225865009,0.037758830694275276,0.17884615384615385,0.0035063906797873543,0.09836745466199148,0,0.0012442031444406742,0.5929302325581395,1393000000.0,673250000.0,385200000.0,45.300305395317274,27.62920389744511,15.695747833505456,60.99605322882273,33.36684933137762,-2628700000.0,106660519.8019802,-2750900000.0,-2909800000.0,Technology
2014-06-30,CDW,2014,Q2,USD,5425976000.0,8324376000.0,2.6800952994204765,-118.24397727272728,-101.39313032886723,34.656019983347214,12.06661115736886,1.5792467634366418,-0.812933025404157,7.538199065236641,-21.1722972972973,0.6311953352769679,0.7388260635433495,885900000.0,4482800000.0,0.014325178237639158,0.03147736205656559,0.03358932588627725,0.1025094696969697,0.026215647187148357,0.04167497065922629,0.01596026226433733,-0.015130918382241279,-0.16619318181818182,0.225,0.0037669027688345138,0.0881841596909208,0,0.0013844172569220862,0.5735199245695003,1430550000.0,746800000.0,419000000.0,44.220540888602706,27.937219730941703,15.508796136598827,59.72933702520153,31.79211729425983,-2980500000.0,101012973.76093292,-2622300000.0,-2785200000.0,Technology
2014-09-30,CDW,2014,Q3,USD,5306445000.0,8110345000.0,2.483189430819632,46.45100229095075,50.5317445482866,34.278719357565514,11.850803043110735,1.647158942131448,3.1402877697841727,6.188071904902569,-20.707723815096546,0.6212290502793296,0.6411174785100286,988600000.0,4545900000.0,0.009103710253135541,0.030396537394982184,0.020732343948094565,0.0621923937360179,0.02496975226031341,0.040329272020612254,0.010477824607623372,0.030246238300783292,0.08075601374570447,0.27167630057803466,0.004317075411040691,0.08738250512844065,0,0.0011940846881601911,0.5608933425025379,1499650000.0,793900000.0,436550000.0,40.59520529071369,25.377337973031754,13.81578947368421,54.410994764397905,29.033656791366152,-2643400000.0,21823575.418994427,-2531600000.0,-2697200000.0,Technology
2014-12-31,CDW,2014,Q4,USD,6035172000.0,8880672000.0,2.9116002754008066,105.0967100591716,137.4717027863777,41.05719833564494,13.155339805825243,1.6712534059945503,1.6312741312741312,6.088253768755087,-20.275786713286713,0.6466916354556804,0.6223776223776224,985400000.0,4509000000.0,0.008491942490860506,0.02691831936628083,0.019089736502671827,0.055312333155365725,0.02286304643671988,0.035471404823074766,0.008583019672015975,0.010703920285950425,0.23550295857988165,0.38269230769230766,0.006524376249959018,0.09511163568407593,0,0.0016065047047637783,0.5551566419121625,1517150000.0,740950000.0,380500000.0,46.06373561522573,24.767414588382458,11.873582988038464,57.937318603264195,33.16990401488174,-2780900000.0,118529213.48314607,-2449900000.0,-2710000000.0,Technology
2015-03-31,CDW,2015,Q1,USD,6409004000.0,9167804000.0,3.327454994192799,51.56245219347581,54.63530393325387,44.9181969622734,13.516903478686919,1.7437570145903478,3.250457038391225,6.366748413591972,-19.75900639163277,0.628735632183908,0.6600910470409712,1060300000.0,4539400000.0,0.008984002890648097,0.024875907617836486,0.01993004445092181,0.056073808303434135,0.02037370080349702,0.032511258846236325,0.008534867508274296,0.026181915317887147,0.0562429696287964,0.19047619047619047,0.003629500580720093,0.09999274099883856,0,0.0017058652729384437,0.5492231383240811,1505000000.0,699550000.0,347250000.0,47.32905052264809,27.21494757906643,13.977465523991821,61.30651604663991,34.09156846757348,-2591000000.0,50467356.321839094,-2368500000.0,-2627200000.0,Technology
2015-06-30,CDW,2015,Q2,USD,5861880000.0,8695780000.0,2.6239529269764637,-110.49275730622618,-94.93209606986899,33.63938104448743,10.962862669245649,1.6697834645669292,-0.7273567467652495,9.105312172399596,-19.983771929824563,0.6287042417199302,0.8199142448785136,1088800000.0,4528000000.0,0.01730867673406706,0.0333716915995397,0.03672527323331749,0.10865635669813216,0.027892739360080507,0.04451314424074715,0.01845824206568541,-0.01562638607409227,-0.1639135959339263,0.24524714828897337,0.003892576946288473,0.08768859384429692,0,0.002263126131563066,0.5286984898899412,1580700000.0,774500000.0,396600000.0,46.507242003621,27.649217485159202,14.124123043712899,60.6313650473339,32.9821475621747,-2925500000.0,143165020.33701336,-2309200000.0,-2541000000.0,Technology
2015-09-30,CDW,2015,Q3,USD,6929856000.0,10100156000.0,2.8848521893119305,51.584044943820224,57.78121281464531,38.185844990548205,11.98601134215501,1.4610289011165127,1.2975480450629555,11.26822772676858,-23.3938679245283,0.6129163281884646,0.8647699332630839,863000000.0,4860200000.0,0.02238374249054365,0.03149460851093306,0.05205781902232035,0.14028074742028446,0.02560753930843966,0.04201577131591917,0.021775344249577482,0.02522418936266497,0.10725229826353422,0.35058430717863104,0.005998114878181143,0.09179972008797235,0,0.0022278712404672817,0.5700215085663428,1786250000.0,933300000.0,423800000.0,47.81354431464397,31.065475987593306,12.620062033470807,60.43360634811478,29.368130360521473,-2995500000.0,439197278.6352559,-2767100000.0,-2930900000.0,Technology
2015-12-31,CDW,2015,Q4,USD,7083740000.0,10305840000.0,3.0148139480458696,-592.2896551724137,-162.04150943396226,40.84756242568371,12.770907649623464,1.4787262226461082,-0.1948488241881299,8.806483926377284,-23.21780415430267,0.6302046577275935,0.7867851193781232,903500000.0,4855700000.0,0.01321925007031516,0.0266581708256772,0.029981534329360415,0.08148553700155124,0.023160201406519462,0.036955628594905504,0.01260633507158648,-0.008978308068901457,-2.6551724137931036,0.7403846153846154,0.01351509478118418,0.09902293470629535,0,0.003276386613620407,0.5590869391440795,1938700000.0,939600000.0,402250000.0,53.11432249005382,27.259857382550333,12.366820469798657,65.48114295985248,38.22128557730214,-3285700000.0,89199858.85673958,-2680900000.0,-2868600000.0,Technology
2016-03-31,CDW,2016,Q1,USD,6942950000.0,9946650000.0,3.191404370006738,23.261576239476145,23.875780124819972,44.20733333333333,13.349777777777778,1.4491612637645364,5.4961439588688945,8.064564239341692,-23.09892408846384,0.6279257465698144,0.7648148148148148,872900000.0,4761900000.0,0.011581000014885604,0.02389929638096369,0.025956694358255764,0.07481488604673527,0.021055534885187677,0.03372080846161902,0.01120561144758352,0.060003312712895815,0.025724976613657625,0.171875,0.0035293740173901883,0.10565662399332627,0,0.0026951583405525077,0.5538337873442594,1898800000.0,912550000.0,426750000.0,51.40629511983829,33.28215415477201,15.984877710053235,67.39117282989153,34.10901867511952,-2587100000.0,185323970.94430995,-2680700000.0,-2861700000.0,Technology
2016-06-30,CDW,2016,Q2,USD,6609192000.0,9720292000.0,2.652483763575834,-84.89337991266376,-75.23445820433436,33.845027855153205,10.832520891364902,1.4121779859484778,-0.9744680851063829,9.926130638805777,-23.890691328077622,0.6266666666666667,0.8355614973262032,897600000.0,4698400000.0,0.017058900390539932,0.03285363594937453,0.036143837091267034,0.1159463193210973,0.029571606528302683,0.04745021442826207,0.01777827002150944,-0.019548531802374633,-0.12838427947598252,0.23076923076923078,0.004011351852862523,0.09406210773344977,0,0.002646946460732413,0.5280274103863296,1931350000.0,1018350000.0,473850000.0,51.14473612399716,31.77007956517468,14.360040601159096,65.50477672515626,33.73469715998158,-3240300000.0,164924000.0,-2623600000.0,-2799200000.0,Technology
2016-09-30,CDW,2016,Q3,USD,7412832999.999999,10535933000.0,2.8412526293080202,56.58395810955961,61.7943284457478,35.26081994645248,10.452141900937082,1.4095354523227384,1.4789515488482923,10.333521542670713,-22.956816779765578,0.6352169525731585,0.8405428329092451,871000000.0,4612000000.0,0.01858906213087645,0.034771278192186346,0.03941395610931973,0.1271075214538112,0.0323430220251099,0.05111924235901851,0.016984059940376373,0.023000653056665384,0.08431793770139635,0.2492063492063492,0.0042338600938460706,0.09031335958146809,0,0.002696726174424249,0.5283634538152611,2185850000.0,1037900000.0,469450000.0,55.560110026427914,29.022592843983325,13.13681760884321,68.69692763527112,39.6743347912878,-2952600000.0,223684157.41675076,-2588000000.0,-2784500000.0,Technology
2016-12-31,CDW,2016,Q4,USD,8339609000.000001,11310309000.0,3.238549135265147,108.02587392550143,136.9286803874092,43.33451724137931,11.381992337164752,1.4197833998333844,1.0145348837209303,9.731993145164251,-22.55199875078076,0.6339066339066339,0.8255578093306288,957400000.0,4631700000.0,0.01485234010707501,0.02874384164650322,0.03001919832450986,0.09870875179340029,0.02667542746924762,0.042247787989802256,0.012374680875326408,0.0099045410881973,0.2110792741165234,0.3463949843260188,0.006328026571984882,0.09623754438208681,0,0.0031783300881915015,0.5052386160842784,2346350000.0,1035300000.0,451800000.0,61.93878135379681,33.13124034997427,13.957797220792589,75.8965785745894,42.76533822461513,-2888100000.0,80306388.2063882,-2465100000.0,-2664800000.0,Technology
2017-03-31,CDW,2017,Q1,USD,9198974000.0,12227774000.0,3.6778578518362557,33.05697215463639,34.90657721952612,52.05523201362282,12.893997445721583,1.393557675004499,6.421875,6.802830327301471,-23.21267252195734,0.782608695652174,0.6444833625218914,874800000.0,4511400000.0,0.008502221500583051,0.024746595157070925,0.017451901227086807,0.06348506557919101,0.029075563740972157,0.03730310419824689,0.006261567866155508,0.03808033374156727,0.052987293863206275,0.3052959501557632,0.005895268746052275,0.10449063073360003,0,0.0036394261136343128,0.5128197558563479,2314350000.0,1068600000.0,472700000.0,60.2364123078774,34.55394827026442,16.018902636990006,76.25531494486741,41.70136667460299,-2678500000.0,216573913.04347825,-2566900000.0,-2769800000.0,Technology
2017-06-30,CDW,2017,Q2,USD,9754680000.0,12971980000.0,3.247541558181454,2059.0444444444443,-1190.0899082568808,43.80945626477541,10.865585950692333,1.3293284283030682,0.0446491849751949,10.520966492996049,-24.69150641025641,0.7212276214833759,0.8455882352941176,841500000.0,4448100000.0,0.02002385821404226,0.03345324001360712,0.03921350501988486,0.16605817924861618,0.03699875764718599,0.05151123395149786,0.014454600253416822,-0.0011174123600159102,2.7301587301587302,0.26339969372128635,0.004306028439815742,0.09100240336471059,0,0.00287903064290006,0.4893632129061577,2449150000.0,1227950000.0,503500000.0,60.22907069897857,37.34947663495661,13.784630065905228,74.0137007648838,36.664224129927184,-3228200000.0,248147826.08695653,-2596800000.0,-2795800000.0,Technology
2017-09-30,CDW,2017,Q3,USD,10150800000.0,13482800000.0,3.342373385557401,214.35294117647058,328.0486618004866,43.53503390377785,10.75879883758476,1.3649509516551375,0.4872192099147947,9.955621255926692,-25.382477243172954,0.6253630203291385,0.8442991418062934,933800000.0,4511000000.0,0.01819257089751894,0.03446130350552201,0.035041089202896586,0.1601983880967142,0.03324193344113141,0.0536417864453787,0.012728060842495174,0.0040489419553138666,0.3465818759936407,0.3318112633181126,0.005404199410000248,0.08726046753761868,0,0.0024789905550459852,0.48082176349657835,2682600000.0,1308100000.0,531300000.0,60.063214259153675,32.4932928447183,14.567056811816387,74.63027107097007,42.13697822625177,-3290900000.0,104626331.0745402,-2608200000.0,-2802800000.0,Technology
2017-12-31,CDW,2017,Q4,USD,10604174000.0,13695474000.0,3.5678304590215184,40.44735380980508,43.32639670990193,47.7860223307746,10.786113049546406,1.3433945756780403,1.7346311475409837,13.615428054226502,-25.280307994757536,1.057421451787649,0.8326567433468651,863500000.0,4401200000.0,0.028059684328551302,0.03152563591873898,0.05452513966480447,0.19859599145386103,0.04827155176156048,0.049887438090950025,0.018407845816185212,0.029809016713607302,0.06645008860011814,0.3424657534246575,0.005861512009586829,0.09047569426353358,0,0.0026311676131923097,0.4853807894661185,2510700000.0,1271150000.0,499250000.0,54.6128796957224,36.782147509459705,12.54729855468023,67.16017825040262,30.37803074094292,-2775200000.0,347930335.8613218,-2393700000.0,-2595600000.0,Technology
2018-03-31,CDW,2018,Q1,USD,10701182000.0,13715682000.0,3.8031505102040817,61.726741674167414,66.48415899175957,50.66746213520502,11.135943849279645,1.3474927395934173,1.7496062992125985,11.089303382003699,-23.843298291721418,0.7664453832226916,0.8118569328760411,897400000.0,4398300000.0,0.018070831969720685,0.029189459759018915,0.03450993179533165,0.1273949242652222,0.03498646956426717,0.04591262878481127,0.011867847869515722,0.019278244216386565,0.07155715571557156,0.23873873873873874,0.004408828748890861,0.100571206743567,0,0.0022460070984915708,0.47635851392307804,2456750000.0,1303100000.0,467650000.0,64.49035048802129,38.622814321398835,14.561865112406327,79.05221560042762,40.42940127902878,-2808200000.0,173231502.71575135,-2350900000.0,-2551100000.0,Technology
2018-06-30,CDW,2018,Q2,USD,12247764000.0,15387364000.0,3.675823320035355,139.7580744777475,166.5299134199134,46.375418927064494,9.462326702833032,1.3633687943262411,0.6364161849710983,13.45499831956326,-23.96141160949868,0.752828546562228,0.8655367231638418,1024700000.0,4449800000.0,0.023601315125305247,0.0369828666945257,0.04266022242497473,0.1618486294321265,0.0439413412870208,0.05886787432651161,0.014125027229460005,0.007544234196543957,0.16076294277929154,0.2669683257918552,0.004228279305319988,0.09111105802536967,0,0.0026277442010463198,0.44676061718121174,2785100000.0,1491050000.0,531350000.0,64.19817968992618,43.66824237215298,14.87494628276751,79.07312597269369,35.40488360054071,-3047200000.0,121175979.11227152,-2205900000.0,-2416500000.0,Technology
2018-09-30,CDW,2018,Q3,USD,13274673000.0,16238973000.0,3.713293011982073,60.14434444444444,64.90396882494005,47.649568661971834,8.69806338028169,1.4085737722458005,1.4697876973326076,14.51498494291058,-22.885188866799204,0.7705536912751678,0.8675400291120815,1145600000.0,4521100000.0,0.02490712368142745,0.03737377171806467,0.044289606287822164,0.15826656328077884,0.04599720959322605,0.06011156075686317,0.013838382308927687,0.018847921903612994,0.07333333333333333,0.3009118541033435,0.004527577060276228,0.08933961401262233,0,0.002469587487423397,0.4376305013965344,3003450000.0,1651750000.0,529000000.0,62.16980700631117,39.5920319160564,11.831620942179473,74.00142794849064,34.409396032434245,-2714100000.0,136848154.36241615,-2067000000.0,-2265200000.0,Technology
2018-12-31,CDW,2018,Q4,USD,12084555000.0,15087355000.0,3.7026001276136253,49.69484519104084,55.69344776670358,48.70030664945126,9.692704970948999,1.3545003745852806,1.9058380414312617,12.539157279765252,-23.600603621730382,0.7710551790900291,0.8505557842733635,993700000.0,4324800000.0,0.02222470248475801,0.03340415729796261,0.03989781350965512,0.16335110746513537,0.04266368322762889,0.05565229345186271,0.013182115518527576,0.0224170439043887,0.10770750988142293,0.48878923766816146,0.00802493373907922,0.09872877196426819,0,0.002650436831255522,0.44295938725114054,3004250000.0,1593500000.0,467700000.0,65.98704230882498,41.98136645962733,12.093167701863354,78.08021001068833,36.098843551061,-2731900000.0,373389303.0009681,-2199800000.0,-2395700000.0,Technology
2019-03-31,CDW,2019,Q1,USD,14497140000.0,17588540000.0,4.443907122463933,69.6851822503962,75.48729613733906,59.98819918144611,10.543656207366984,1.2853810264385692,1.6507521255722695,12.150322263711223,-26.278741496598638,0.7980167014613778,0.8334058286211397,917500000.0,4429000000.0,0.019910150400416694,0.030834096664690985,0.034318676632325545,0.16488730723606168,0.03999431238686081,0.0512711389853287,0.010546907872863198,0.016072135607437053,0.0768621236133122,0.30171073094867806,0.004901589226610071,0.1020743323479623,0,0.0032087723287602013,0.41984504199492156,3033050000.0,1661250000.0,522500000.0,70.00303191086182,47.80753545559681,16.17962140118084,86.18265331204266,38.37511785644585,-2858400000.0,304564039.6659708,-2296900000.0,-2619700000.0,Technology
2019-06-30,CDW,2019,Q2,USD,16395621000.0,19566521000.0,4.22612173049094,120.70648365206662,142.19855377906975,53.56288256227758,8.68026279770052,1.278877553969309,0.8245167853509664,13.96640355375739,-27.009094028826354,0.7526799387442573,0.8657606894265827,965000000.0,4430900000.0,0.024817278683144196,0.03849654518184265,0.0415056896151329,0.2100202969768187,0.050373244546566935,0.0673076923076923,0.011991006623048922,0.008392484798227526,0.15114127082048118,0.3769230769230769,0.005291690965247629,0.0908010972159226,0,0.002635046113306983,0.40207525972304625,3225900000.0,1900600000.0,621450000.0,65.57312252964427,47.98163948030394,15.222115609035036,80.79523813867931,32.81359865837537,-3033300000.0,220083537.5191424,-2249100000.0,-2560500000.0,Technology
2019-09-30,CDW,2019,Q3,USD,17808180000.0,21007380000.0,4.280493917721132,78.44428678117998,88.7510773130545,54.031327160493824,8.228395061728396,1.325300833076211,1.3277144273673773,14.256252854143204,-26.30121107266436,0.7730931391337678,0.8604881266490765,1054300000.0,4441600000.0,0.026184263478339888,0.0410368,0.044125046487716306,0.21569885573735428,0.05485794037455699,0.07184957755317004,0.011326255686993282,0.013291644626233562,0.11613144137415982,0.4560117302052786,0.006336980663039713,0.0906534629256067,0,0.002608146382215702,0.40658955485453907,3352500000.0,1977900000.0,627900000.0,61.098477902072254,41.797027766914354,13.278255768478687,74.37673367055095,32.579705903636594,-2962500000.0,182201839.78535843,-2196900000.0,-2472700000.0,Technology
2019-12-31,CDW,2019,Q4,USD,20497540000.0,23791940000.0,5.244096189027751,68.98213975065237,129.58572984749455,67.32297679683079,9.322014714204867,1.2413644956178038,1.8582974137931034,13.955063222087878,-28.09425087108014,0.7864406779661017,0.8315715292459479,842700000.0,4484700000.0,0.02320174013050979,0.03614711033274956,0.03824990210827855,0.19327293554097677,0.04435274122784859,0.0629547471162378,0.009054745105998085,0.00895717242166621,0.46767178892432587,2.317528735632184,0.03555291057770724,0.09782009742335075,0,0.0023804800634794686,0.39341700627547066,3364500000.0,1867500000.0,607400000.0,67.39337433048998,43.92988242804703,14.63212214715114,82.02549647764111,38.09561404959408,-3110800000.0,343091864.40677965,-2186800000.0,-2705000000.0,Technology
2020-03-31,CDW,2020,Q1,USD,13309629000.0,16696629000.0,3.8040255627449193,74.87277578475336,84.49711032388664,49.51550711743772,10.044483985765124,1.2792827374424216,1.3281715306730197,12.847375841142735,-28.64978976874562,0.7927289896128423,0.8482178614337205,1018600000.0,4549700000.0,0.020419828760459235,0.030304898346669298,0.03258485842373901,0.18871529729122177,0.042277503449160675,0.05372442734743836,0.012614927132829924,0.014846394290930274,0.11390134529147983,0.2778993435448578,0.005786931559281874,0.11635377745375011,0,0.002004921170144901,0.3733338198093014,3494600000.0,1901050000.0,641650000.0,73.6514626811264,48.73482533652655,16.651251135519033,90.30271381664544,41.56788848011889,-3189400000.0,88044428.70632672,-2180000000.0,-2666900000.0,Technology
2020-06-30,CDW,2020,Q2,USD,16544032000.000002,19623132000.0,4.4948420642737705,67.01889344262295,89.9318606782768,48.025286343612336,7.5357317670093,1.4701109083251438,1.5483870967741935,14.882528570389715,-27.043012640449437,0.7705786471067645,0.8607506138197124,1674300000.0,5163100000.0,0.021612663580776046,0.033396378720119725,0.033033452703292866,0.17913982569154982,0.04178839790085096,0.0546260601387818,0.011430103616820857,0.013189046056003758,0.2547814207650273,0.5958466453674122,0.017087752250498203,0.0,0,0.0012827267104931627,0.34573404194525403,3487400000.0,1888050000.0,683450000.0,69.7393316077605,44.993781953848284,17.28119386486113,87.02052547262164,42.02674351877336,-2860900000.0,-385408027.70986146,-1969400000.0,-2458100000.0,Technology
2020-09-30,CDW,2020,Q3,USD,17056931000.0,19889831000.0,4.181698553527879,89.3523405211141,105.23720105820105,44.17998889382497,6.29253665037761,1.501225043006829,1.1521739130434783,16.25993677078203,-25.632796075683252,0.7724910035985606,0.7869729389553178,1923000000.0,5359700000.0,0.020946041176534362,0.03536376382614114,0.031219196897471116,0.1559951554299556,0.03648081446520879,0.05899277904624009,0.011326773849293287,0.011080539635178216,0.1509433962264151,0.2537764350453172,0.007064166176099571,0.10674039189302834,0,0.002438819275081995,0.3290653425414964,3527350000.0,1865500000.0,671450000.0,69.47733580018502,44.00518965122491,14.838586583225217,84.31592238341024,40.31073273218533,-2643900000.0,95597640.94362259,-1796700000.0,-2225600000.0,Technology
2020-12-31,CDW,2020,Q4,USD,18806433000.0,21492433000.0,4.336474113231912,37.3197308560514,38.97086672710789,51.95173555716703,6.492627507855934,1.5272041659184772,2.4167016365925305,18.480598708744107,-24.97074281709881,0.8077966101694916,0.8751112429546128,2055200000.0,5402500000.0,0.025501086177191348,0.035781219706598304,0.037803194948998205,0.1837175237067304,0.044041626413205935,0.06099441833137485,0.012671196074236939,0.029325071904916792,0.04236846674769925,0.3185378590078329,0.00492312658891893,0.1107098180057302,0,0.00332916347201485,0.3254251072800625,3631950000.0,2005200000.0,704050000.0,65.22920786086114,46.12077638456064,16.784040438740707,82.01324829960184,35.8924719150412,-2134500000.0,192308237.2881356,-1743900000.0,-2094100000.0,Technology
2021-03-31,CDW,2021,Q1,USD,23387325000.0,26900625000.0,5.560852713178295,78.06333430063842,83.05225378203149,72.76338923451448,9.503110630240736,1.4746178524249858,1.4815133276010317,17.53951996193933,-27.703933380581148,0.805122879889235,0.8933209647495362,1760500000.0,5295900000.0,0.025691721433699674,0.03515561304910263,0.0399525927961662,0.19875245663505084,0.04561131264341145,0.060514202312787695,0.009945558117484578,0.013849382090512704,0.060069645966337785,0.4579646017699115,0.004279069767441861,0.0,0,0.0032661498708010336,0.35694482796708454,3611400000.0,2069600000.0,752550000.0,67.54790697674419,45.66014397743859,16.589317962546072,84.13722493929026,38.47708096185168,-3189400000.0,579576739.3561786,-2061300000.0,-2413400000.0,Technology
2021-06-30,CDW,2021,Q2,USD,24416070000.0,28005370000.0,5.441739856987408,93351.23333333334,-1600.306857142857,66.79077033150489,8.560219413307895,1.438052041059919,0.0010944910616563297,18.19218839144075,-29.653075822603718,0.7384159482758621,0.9959753152669708,1651500000.0,5171500000.0,0.03048638067379239,0.040998869455343485,0.04749034080080392,0.26134630053394353,0.04595609645280414,0.0708512105424456,0.011226212899946632,-0.0007167410643891503,59.333333333333336,0.38197424892703863,0.0034587284315249493,0.09966189958028913,0,0.004002798072438986,0.3580509181505745,3716050000.0,2129100000.0,816900000.0,66.47870355976994,46.59583450605122,18.75949901491697,85.23820257468691,38.64236806863569,-3606800000.0,413007623.9224138,-2170400000.0,-2520500000.0,Technology
2021-09-30,CDW,2021,Q3,USD,24991346000.0,29255246000.0,5.519857735849056,100.25786840301576,110.77336614918592,67.25343908045977,9.802068965517241,1.3806219346759887,1.0945236309077269,16.319750818551764,-33.07228696285506,0.7608447488584474,0.905894519131334,1459000000.0,5068400000.0,0.029584091615251454,0.04292737119844466,0.046741588793239475,0.31851851851851853,0.05300084929580561,0.07461764251506257,0.010667692728514902,0.01056765810052808,0.09492803289924606,0.5746887966804979,0.005226415094339623,0.0,0,0.003188679245283019,0.3670713302854099,3878350000.0,2244050000.0,866550000.0,67.16547169811321,46.80919477320928,17.330505575699526,84.49597727381274,37.686782500603464,-3999800000.0,507294748.8584475,-2470900000.0,-2882400000.0,Technology
2021-12-31,CDW,2021,Q4,USD,27747690000.0,34532290000.0,6.2367552240423345,233.48404327248141,302.649342681858,79.88038399259773,15.694193846865602,1.271212715855573,0.6869484440315838,13.645329821561269,-61.97232472324723,0.7493908806126001,0.7538703752295985,1382100000.0,7744500000.0,0.016311347485491765,0.0305524289766332,0.02995103221857437,0.30508714751310756,0.029166570211734064,0.04187131327590888,0.007759204459902788,0.004112054012424097,0.22853279242731575,0.66015625,0.006104498907330817,0.11491990102765084,0,0.003485704997381206,0.4553994878555086,4227350000.0,2697450000.0,886000000.0,73.13587025230724,61.446955911691845,18.30267686843663,91.43854712074388,29.991591209052032,-6670500000.0,379892864.6014619,-5305300000.0,-6015600000.0,Technology
2022-03-31,CDW,2022,Q1,USD,24132261000.0,30953461000.0,5.203049368812089,81.28534926470589,91.17367010309279,67.53973598079861,14.883700632773293,1.257328990228013,1.521982414068745,16.621606888064992,-61.12954040029651,0.7572639225181598,0.855072463768116,1406200000.0,7726900000.0,0.018514407494561114,0.028966952667595046,0.03312722602513009,0.28014779979845483,0.03368422759511106,0.048066888634895395,0.010367863997492817,0.014068304664863354,0.10845588235294118,0.5784313725490197,0.006942226555277269,0.0,0,0.0035467549713402028,0.4411120484245734,4556450000.0,3156250000.0,991100000.0,69.79459077843707,59.41114551083591,19.590092879256964,89.38468365769404,29.973538146858132,-6481700000.0,298606779.66101694,-5068000000.0,-5749900000.0,Technology
2022-06-30,CDW,2022,Q2,USD,21302112000.0,27526712000.0,4.478946923101955,72.3815724428083,76.89025698324022,54.400616600790514,12.301581027667984,1.2999113671615334,1.3616183315431436,19.501448137077457,-58.68694526627219,0.7404559915164369,0.8673258220280524,1624200000.0,7899600000.0,0.020456892573847696,0.032046350522142754,0.03614644941697188,0.25248598806725725,0.03518859506835357,0.05284370257966616,0.013111375998774207,0.01680584535467657,0.058637917433605045,0.3136427566807314,0.003628494256240034,0.0,0,0.003823749552539946,0.4340552694992346,4680600000.0,3256950000.0,1037350000.0,69.52601776823195,59.94937319189971,18.444431051108968,87.97044881934092,28.021075627441206,-5866600000.0,152824310.7104984,-4820000000.0,-5507100000.0,Technology
2022-09-30,CDW,2022,Q3,USD,21117624000.0,27505424000.0,4.425295470999919,82.6236827876239,91.89917808219178,50.748014760147605,11.785608856088562,1.2867059789505113,1.117864338482203,22.030663203571017,-56.8370288248337,0.7463659147869675,0.8643847487001733,1536400000.0,7731200000.0,0.022099201519783906,0.03438424989033754,0.0390680345289009,0.22458521870286577,0.04022801274157161,0.05746106840134043,0.014101965258970423,0.01417299597719895,0.10093121057374586,0.4444444444444444,0.005405840238114391,0.0,0,0.004311801142305526,0.4343405859479355,4785650000.0,3283350000.0,967300000.0,69.84538653366585,58.72769604399575,16.51947895550248,86.36486548916832,27.637169445172574,-6088500000.0,474322506.26566416,-4527000000.0,-5254400000.0,Technology
2022-12-31,CDW,2022,Q4,USD,24197590000.0,29980290000.0,5.512805472298329,123.936709384043,141.8849503076195,62.05814531152971,11.969985510246326,1.3268379454629986,0.8422701949860725,23.75481091881488,-53.76642066420664,0.7534102833158447,0.8632246376811594,1616900000.0,7788300000.0,0.02187107337318661,0.033569986958368256,0.03935270823913073,0.1791305432545375,0.04067319011300634,0.0545672254533014,0.011868950585574845,0.008732274577757536,0.12649855312112443,0.4220689655172414,0.005626758361988122,0.09626169942813012,0,0.00362245554677013,0.44422952442599856,4763500000.0,3036200000.0,857350000.0,77.83792729345568,59.64413229352626,16.916752795264493,94.75468008872016,35.1105477951939,-5571400000.0,263105981.11227703,-4230100000.0,-4964200000.0,Technology
2023-03-31,CDW,2023,Q1,USD,26427084000.0,32114284000.0,6.293093217847975,87.8880240831965,96.23699130955949,75.22671351604592,13.32208948231436,1.31436405115218,1.5880052151238593,21.01781235414301,-52.97898230088496,0.7765777927775903,0.8318360471645143,1502000000.0,7655600000.0,0.018021475395712753,0.02187678574186474,0.03311935056710231,0.14666326725731405,0.024197323906896245,0.03545593351856024,0.008706976524538236,0.012627197158793608,0.08675424192665572,0.44837340876944837,0.006211910407399424,0.0,0,0.00407595383198448,0.4558626577172798,4581900000.0,2732650000.0,790650000.0,78.66512512002508,59.286942222886616,17.514761940354287,96.17988706037937,36.892944837492756,-5353500000.0,430517009.78737766,-4251600000.0,-4919300000.0,Technology
2023-06-30,CDW,2023,Q2,USD,24699100000.0,30432000000.0,5.409075558557437,133.3567046450482,161.35737009544007,63.73193717277487,12.00607329842932,1.2983010825845958,0.869002284843869,22.937055567620494,-53.943164933135215,0.7430673457838144,0.858600583090379,1490700000.0,7675100000.0,0.020221933019659785,0.03201056146618001,0.03681428831784217,0.16278204810314903,0.033066216121352514,0.05159852790226072,0.010631966346951913,0.007635905761748404,0.17353198948290974,0.6009104704097117,0.007038623558059757,0.0,0,0.0044080268747444945,0.4507042253521127,4572300000.0,2755400000.0,785450000.0,74.93254652423526,58.05066822661207,15.99289024884129,90.92543677307656,32.87476854646449,-5544300000.0,343446519.524618,-4239600000.0,-4884700000.0,Technology
2023-09-30,CDW,2023,Q3,USD,27056016000.0,32485616000.0,5.7718344793276835,69.32483141271874,76.40079021636876,59.672329169728144,9.97354886113152,1.3505363752326385,1.4852614896988907,26.730153358129364,-51.8831096196868,0.7515483563601715,0.8775083612040134,1676300000.0,7806600000.0,0.02450428339533836,0.036997509782995375,0.04460624911635798,0.17430939226519337,0.04420655260939188,0.05911135274057233,0.0116609925127188,0.015715543633622923,0.09261630388390951,0.6575757575757576,0.007711031750262069,0.0,0,0.004619512108451931,0.45065357700403097,4551350000.0,2741750000.0,748100000.0,70.65454933105912,53.51611143934918,14.447120847157207,85.10167017821632,31.585558738867142,-5004400000.0,196540733.68270606,-3992300000.0,-4606900000.0,Technology
2023-12-31,CDW,2023,Q4,USD,30483612000.0,35703812000.0,7.114438975789579,66.54950978564771,70.98173359840955,75.61163066497247,11.055061414654807,1.2320837927232635,1.8118878757176629,27.508234473162,-50.78206562266965,0.7777777777777778,0.8771889400921659,1263000000.0,7370400000.0,0.022288966171356308,0.03325700786317991,0.039472105578884226,0.14496940024479804,0.03985221307388168,0.05546629944151174,0.009713415851113707,0.016500669277643345,0.06244175209692451,0.4919236417033774,0.006675301384875959,0.10038856231941816,0,0.004403706286739065,0.4353236077864595,4548900000.0,2748850000.0,687250000.0,83.91690744246289,67.76166209329675,15.713837710701686,99.63074515316457,31.86908305986782,-4717200000.0,755555555.5555556,-3740600000.0,-4537100000.0,Technology
2024-03-31,CDW,2024,Q1,USD,34011264000.0,39392064000.0,8.084237486403842,89.52741818181818,95.9611790499391,97.84417287630403,13.365126676602086,1.2609389849838433,2.036094400740398,23.993538901551158,-49.185081845238095,0.7812725958062183,0.8249328959141068,1372800000.0,7439100000.0,0.016380146746710327,0.02482872185335418,0.02899970476931748,0.10104268948426615,0.028785524782431255,0.0414407826722812,0.006353777383869061,0.012069530847192271,0.06704545454545455,0.43833580980683506,0.0060541383627147165,0.0,0,0.003981365567344594,0.435161603298769,4542600000.0,2811050000.0,669450000.0,81.37808607137727,64.76059221924713,15.848165065364626,97.2262511367419,32.465658917494764,-4970300000.0,189960701.373825,-3602300000.0,-4420300000.0,Technology
2024-06-30,CDW,2024,Q2,USD,29393379000.0,34922279000.0,6.439185566249954,232.97050700466977,293.4645294117647,69.49707263681591,11.00278606965174,1.134582239332485,0.5332621842760583,27.65747641020994,-50.90268456375839,0.7403213062944429,0.8767028399907643,835500000.0,6857600000.0,0.020610468739689268,0.03235003633788644,0.03542800967937084,0.12924732171594097,0.03554865925359727,0.05840712728447232,0.009563378201601117,0.004048530793278309,0.20613742494996665,0.4452449567723343,0.0056975329129328465,0.0,0,0.005291883320426301,0.4182436742504784,4609650000.0,2929850000.0,697800000.0,79.87719880517757,66.1920147159399,15.383817182746503,95.26101598792407,29.069001271984163,-5409900000.0,896433157.7561233,-3529400000.0,-4420200000.0,Technology
2024-09-30,CDW,2024,Q3,USD,30211050000.0,35453750000.0,6.426739295943153,103.6356328558901,114.92301458670988,64.33269823988387,9.513155507167482,1.4035833363866193,1.0812262958280658,30.63355999726933,-48.443258426966295,0.7399438727782974,0.8871369294605809,2203000000.0,8209500000.0,0.022007832117245264,0.03438109040027985,0.03639919470808168,0.1346784148469757,0.03814854133043881,0.05400253417207701,0.010472989187730979,0.010211495462752867,0.09821689564454837,0.48625180897250364,0.00609070804481021,0.0,0,0.0004894318964579632,0.39537585120368374,5113750000.0,3149250000.0,703650000.0,88.32777435376863,66.31085057577793,14.232257466577074,102.5600318203457,36.249181244567765,-4934200000.0,-975347053.3208606,-3334900000.0,-4365800000.0,Technology
2024-12-31,CDW,2024,Q4,USD,23164724000.0,28653124000.0,5.52509139992287,82.98037648421662,90.47402589201137,70.1251199216838,13.43220753793441,1.346832529592284,1.3069644208932627,28.097189882049502,-53.12603305785124,0.7516358463726884,0.8615196078431373,1898700000.0,8187900000.0,0.017999236974057118,0.028125871189567407,0.030362930103201784,0.11229651039231521,0.032534418825386185,0.04439374185136897,0.011405272948643809,0.013671650048582491,0.08282652765710977,0.4115107913669065,0.005514847666795218,0.0,0,0.0026802930967990742,0.4071969696969697,5529900000.0,3280600000.0,643900000.0,97.97782491322792,75.4997891185154,13.515518396308334,111.49334330953626,35.99355419102086,-5171700000.0,582967425.3200569,-3624300000.0,-4952600000.0,Technology
2025-03-31,CDW,2025,Q1,USD,21234450000.0,26756650000.0,5.146400338520128,93.16382311977716,102.7915866308106,61.368463302752296,12.66559633027523,1.3234627691775491,1.2770120053357048,25.876412215551895,-54.744905660377356,0.7398026315789473,0.8418720576017724,1870100000.0,8121600000.0,0.014974864333988081,0.02433924079617738,0.02480095278004455,0.09681029658645775,0.028239962720502727,0.03912525711811194,0.010591279736465979,0.012258382016016426,0.09366295264623956,0.3591455273698264,0.005173972418303168,0.0,0,0.0039429901329076185,0.39619802243899194,5751850000.0,3504850000.0,662750000.0,101.40601257910023,80.10105965463109,15.89923469387755,117.30524727297778,37.204187618346694,-5261900000.0,343742730.26315784,-3627200000.0,-5043800000.0,Technology
